[{"default_size":"https://flagcdn.com/256x192/as.png","mini_size":"https://flagcdn.com/128x96/as.png","correct":"American Samoa","incorrects":["Vanuatu","Tonga","Palau"],"url":"/american-samoa"},{"default_size":"https://flagcdn.com/256x192/au.png","mini_size":"https://flagcdn.com/128x96/au.png","correct":"Australia","incorrects":["Cocos Islands","Pitcairn Islands","Solomon Islands"],"url":"/australia"},{"default_size":"https://flagcdn.com/256x192/cx.png","mini_size":"https://flagcdn.com/128x96/cx.png","correct":"Christmas Island","incorrects":["New Caledonia","Tonga","Tonga"],"url":"/christmas-island"},{"default_size":"https://flagcdn.com/256x192/cc.png","mini_size":"https://flagcdn.com/128x96/cc.png","correct":"Cocos Islands","incorrects":["Tokelau","Cook Islands","Australia"],"url":"/cocos-islands"},{"default_size":"https://flagcdn.com/256x192/ck.png","mini_size":"https://flagcdn.com/128x96/ck.png","correct":"Cook Islands","incorrects":["Tuvalu","Cocos Islands","Cocos Islands"],"url":"/cook-islands"},{"default_size":"https://flagcdn.com/256x192/fj.png","mini_size":"https://flagcdn.com/128x96/fj.png","correct":"Fiji","incorrects":["Nauru","Guam","Cook Islands"],"url":"/fiji"},{"default_size":"https://flagcdn.com/256x192/pf.png","mini_size":"https://flagcdn.com/128x96/pf.png","correct":"French Polynesia","incorrects":["Palau","Vanuatu","Nauru"],"url":"/french-polynesia"},{"default_size":"https://flagcdn.com/256x192/gu.png","mini_size":"https://flagcdn.com/128x96/gu.png","correct":"Guam","incorrects":["New Zealand","Tuvalu","Cocos Islands"],"url":"/guam"},{"default_size":"https://flagcdn.com/256x192/id.png","mini_size":"https://flagcdn.com/128x96/id.png","correct":"Indonesia","incorrects":["American Samoa","Pitcairn Islands","Northern Mariana Islands"],"url":"/indonesia"},{"default_size":"https://flagcdn.com/256x192/ki.png","mini_size":"https://flagcdn.com/128x96/ki.png","correct":"Kiribati","incorrects":["New Zealand","New Zealand","Wallis and Futuna"],"url":"/kiribati"},{"default_size":"https://flagcdn.com/256x192/mh.png","mini_size":"https://flagcdn.com/128x96/mh.png","correct":"Marshall Islands","incorrects":["French Polynesia","Palau","Cook Islands"],"url":"/the-marshall-islands"},{"default_size":"https://flagcdn.com/256x192/fm.png","mini_size":"https://flagcdn.com/128x96/fm.png","correct":"Micronesia","incorrects":["Samoa","Tonga","Christmas Island"],"url":"/micronesia"},{"default_size":"https://flagcdn.com/256x192/nr.png","mini_size":"https://flagcdn.com/128x96/nr.png","correct":"Nauru","incorrects":["Northern Mariana Islands","French Polynesia","Papua New Guinea"],"url":"/nauru"},{"default_size":"https://flagcdn.com/256x192/nc.png","mini_size":"https://flagcdn.com/128x96/nc.png","correct":"New Caledonia","incorrects":["New Zealand","Vanuatu","French Polynesia"],"url":"/new-caledonia"},{"default_size":"https://flagcdn.com/256x192/nz.png","mini_size":"https://flagcdn.com/128x96/nz.png","correct":"New Zealand","incorrects":["Vanuatu","Tuvalu","Norfolk Island"],"url":"/new-zealand"},{"default_size":"https://flagcdn.com/256x192/nu.png","mini_size":"https://flagcdn.com/128x96/nu.png","correct":"Niue","incorrects":["Nauru","Solomon Islands","Samoa"],"url":"/niue"},{"default_size":"https://flagcdn.com/256x192/nf.png","mini_size":"https://flagcdn.com/128x96/nf.png","correct":"Norfolk Island","incorrects":["Tonga","Fiji","Kiribati"],"url":"/norfolk-island"},{"default_size":"https://flagcdn.com/256x192/mp.png","mini_size":"https://flagcdn.com/128x96/mp.png","correct":"Northern Mariana Islands","incorrects":["American Samoa","New Zealand","Vanuatu"],"url":"/northern-mariana-islands"},{"default_size":"https://flagcdn.com/256x192/pw.png","mini_size":"https://flagcdn.com/128x96/pw.png","correct":"Palau","incorrects":["Northern Mariana Islands","Vanuatu","Norfolk Island"],"url":"/palau"},{"default_size":"https://flagcdn.com/256x192/pg.png","mini_size":"https://flagcdn.com/128x96/pg.png","correct":"Papua New Guinea","incorrects":["Cook Islands","Cook Islands","Samoa"],"url":"/papua-new-guinea"},{"default_size":"https://flagcdn.com/256x192/pn.png","mini_size":"https://flagcdn.com/128x96/pn.png","correct":"Pitcairn Islands","incorrects":["Nauru","French Polynesia","Kiribati"],"url":"/pitcairn-islands"},{"default_size":"https://flagcdn.com/256x192/ws.png","mini_size":"https://flagcdn.com/128x96/ws.png","correct":"Samoa","incorrects":["Cook Islands","Tuvalu","Solomon Islands"],"url":"/samoa"},{"default_size":"https://flagcdn.com/256x192/sb.png","mini_size":"https://flagcdn.com/128x96/sb.png","correct":"Solomon Islands","incorrects":["Nauru","Fiji","New Caledonia"],"url":"/the-solomon-islands"},{"default_size":"https://flagcdn.com/256x192/tk.png","mini_size":"https://flagcdn.com/128x96/tk.png","correct":"Tokelau","incorrects":["Kiribati","New Caledonia","Solomon Islands"],"url":"/tokelau"},{"default_size":"https://flagcdn.com/256x192/to.png","mini_size":"https://flagcdn.com/128x96/to.png","correct":"Tonga","incorrects":["Cocos Islands","Nauru","Papua New Guinea"],"url":"/tonga"},{"default_size":"https://flagcdn.com/256x192/tv.png","mini_size":"https://flagcdn.com/128x96/tv.png","correct":"Tuvalu","incorrects":["Tonga","French Polynesia","New Caledonia"],"url":"/tuvalu"},{"default_size":"https://flagcdn.com/256x192/vu.png","mini_size":"https://flagcdn.com/128x96/vu.png","correct":"Vanuatu","incorrects":["Indonesia","Tonga","French Polynesia"],"url":"/vanuatu"},{"default_size":"https://flagcdn.com/256x192/wf.png","mini_size":"https://flagcdn.com/128x96/wf.png","correct":"Wallis and Futuna","incorrects":["Niue","Vanuatu","Solomon Islands"],"url":"/wallis-and-futuna"}]