[
  {
    "default_size": "https://flagcdn.com/256x192/dz.png",
    "mini_size": "https://flagcdn.com/128x96/dz.png",
    "correct": "Algeria",
    "incorrects": ["Mozambique", "San Marino", "South Sudan"],
    "url": "/algeria"
  },
  {
    "default_size": "https://flagcdn.com/256x192/ao.png",
    "mini_size": "https://flagcdn.com/128x96/ao.png",
    "correct": "Angola",
    "incorrects": [
      "Mali",
      "United States Minor Outlying Islands",
      "Tajikistan"
    ],
    "url": "/angola"
  },
  {
    "default_size": "https://flagcdn.com/256x192/bj.png",
    "mini_size": "https://flagcdn.com/128x96/bj.png",
    "correct": "Benin",
    "incorrects": ["Gabon", "Argentina", "Syria"],
    "url": "/benin"
  },
  {
    "default_size": "https://flagcdn.com/256x192/bw.png",
    "mini_size": "https://flagcdn.com/128x96/bw.png",
    "correct": "Botswana",
    "incorrects": ["Indonesia", "Croatia", "Switzerland"],
    "url": "/botswana"
  },
  {
    "default_size": "https://flagcdn.com/256x192/io.png",
    "mini_size": "https://flagcdn.com/128x96/io.png",
    "correct": "British Indian Ocean Territory",
    "incorrects": ["Senegal", "Bermuda", "Italy"],
    "url": "/british-indian-ocean-territory"
  },
  {
    "default_size": "https://flagcdn.com/256x192/bf.png",
    "mini_size": "https://flagcdn.com/128x96/bf.png",
    "correct": "Burkina Faso",
    "incorrects": ["Christmas Island", "Uzbekistan", "Anguilla"],
    "url": "/burkina-faso"
  },
  {
    "default_size": "https://flagcdn.com/256x192/bi.png",
    "mini_size": "https://flagcdn.com/128x96/bi.png",
    "correct": "Burundi",
    "incorrects": ["Fiji", "Argentina", "North Korea"],
    "url": "/burundi"
  },
  {
    "default_size": "https://flagcdn.com/256x192/cm.png",
    "mini_size": "https://flagcdn.com/128x96/cm.png",
    "correct": "Cameroon",
    "incorrects": ["Cambodia", "Mexico", "Fiji"],
    "url": "/cameroon"
  },
  {
    "default_size": "https://flagcdn.com/256x192/cv.png",
    "mini_size": "https://flagcdn.com/128x96/cv.png",
    "correct": "Cape Verde",
    "incorrects": ["Pitcairn Islands", "Jordan", "Maldives"],
    "url": "/cape-verde"
  },
  {
    "default_size": "https://flagcdn.com/256x192/cf.png",
    "mini_size": "https://flagcdn.com/128x96/cf.png",
    "correct": "Central African Republic",
    "incorrects": ["Chile", "United States", "Guinea-Bissau"],
    "url": "/the-central-african-republic"
  },
  {
    "default_size": "https://flagcdn.com/256x192/td.png",
    "mini_size": "https://flagcdn.com/128x96/td.png",
    "correct": "Chad",
    "incorrects": ["Comoros", "Dominica", "Fiji"],
    "url": "/chad"
  },
  {
    "default_size": "https://flagcdn.com/256x192/km.png",
    "mini_size": "https://flagcdn.com/128x96/km.png",
    "correct": "Comoros",
    "incorrects": ["Aruba", "Paraguay", "São Tomé and Príncipe"],
    "url": "/the-comoros"
  },
  {
    "default_size": "https://flagcdn.com/256x192/cg.png",
    "mini_size": "https://flagcdn.com/128x96/cg.png",
    "correct": "Republic of the Congo",
    "incorrects": ["Philippines", "French Guiana", "Nepal"],
    "url": "/the-republic-of-the-congo"
  },
  {
    "default_size": "https://flagcdn.com/256x192/cd.png",
    "mini_size": "https://flagcdn.com/128x96/cd.png",
    "correct": "DR Congo",
    "incorrects": ["Cuba", "Cameroon", "Norway"],
    "url": "/the-democratic-republic-of-the-congo"
  },
  {
    "default_size": "https://flagcdn.com/256x192/ci.png",
    "mini_size": "https://flagcdn.com/128x96/ci.png",
    "correct": "Côte d'Ivoire",
    "incorrects": ["Jordan", "Saint Barthélemy", "Christmas Island"],
    "url": "/cote-d-ivoire"
  },
  {
    "default_size": "https://flagcdn.com/256x192/dj.png",
    "mini_size": "https://flagcdn.com/128x96/dj.png",
    "correct": "Djibouti",
    "incorrects": ["Poland", "Burkina Faso", "French Polynesia"],
    "url": "/djibouti"
  },
  {
    "default_size": "https://flagcdn.com/256x192/eg.png",
    "mini_size": "https://flagcdn.com/128x96/eg.png",
    "correct": "Egypt",
    "incorrects": ["Bermuda", "Western Sahara", "Botswana"],
    "url": "/egypt"
  },
  {
    "default_size": "https://flagcdn.com/256x192/gq.png",
    "mini_size": "https://flagcdn.com/128x96/gq.png",
    "correct": "Equatorial Guinea",
    "incorrects": ["Russia", "Mauritania", "Belgium"],
    "url": "/equatorial-guinea"
  },
  {
    "default_size": "https://flagcdn.com/256x192/er.png",
    "mini_size": "https://flagcdn.com/128x96/er.png",
    "correct": "Eritrea",
    "incorrects": ["Tokelau", "Laos", "Taiwan"],
    "url": "/eritrea"
  },
  {
    "default_size": "https://flagcdn.com/256x192/sz.png",
    "mini_size": "https://flagcdn.com/128x96/sz.png",
    "correct": "Eswatini",
    "incorrects": ["Liberia", "South Africa", "Belarus"],
    "url": "/swaziland"
  },
  {
    "default_size": "https://flagcdn.com/256x192/et.png",
    "mini_size": "https://flagcdn.com/128x96/et.png",
    "correct": "Ethiopia",
    "incorrects": ["United States", "Curaçao", "Mauritania"],
    "url": "/ethiopia"
  },
  {
    "default_size": "https://flagcdn.com/256x192/ga.png",
    "mini_size": "https://flagcdn.com/128x96/ga.png",
    "correct": "Gabon",
    "incorrects": ["Saudi Arabia", "Côte d'Ivoire", "Mozambique"],
    "url": "/gabon"
  },
  {
    "default_size": "https://flagcdn.com/256x192/gm.png",
    "mini_size": "https://flagcdn.com/128x96/gm.png",
    "correct": "Gambia",
    "incorrects": ["South Sudan", "Réunion", "United States"],
    "url": "/the-gambia"
  },
  {
    "default_size": "https://flagcdn.com/256x192/gh.png",
    "mini_size": "https://flagcdn.com/128x96/gh.png",
    "correct": "Ghana",
    "incorrects": ["Guyana", "Bolivia", "Seychelles"],
    "url": "/ghana"
  },
  {
    "default_size": "https://flagcdn.com/256x192/gn.png",
    "mini_size": "https://flagcdn.com/128x96/gn.png",
    "correct": "Guinea",
    "incorrects": ["Ukraine", "Montenegro", "Tonga"],
    "url": "/guinea"
  },
  {
    "default_size": "https://flagcdn.com/256x192/gw.png",
    "mini_size": "https://flagcdn.com/128x96/gw.png",
    "correct": "Guinea-Bissau",
    "incorrects": ["Saint Vincent and the Grenadines", "Iceland", "Namibia"],
    "url": "/guinea-bissau"
  },
  {
    "default_size": "https://flagcdn.com/256x192/ke.png",
    "mini_size": "https://flagcdn.com/128x96/ke.png",
    "correct": "Kenya",
    "incorrects": ["Russia", "Eritrea", "United Kingdom"],
    "url": "/kenya"
  },
  {
    "default_size": "https://flagcdn.com/256x192/ls.png",
    "mini_size": "https://flagcdn.com/128x96/ls.png",
    "correct": "Lesotho",
    "incorrects": ["Chile", "Norway", "Isle of Man"],
    "url": "/lesotho"
  },
  {
    "default_size": "https://flagcdn.com/256x192/lr.png",
    "mini_size": "https://flagcdn.com/128x96/lr.png",
    "correct": "Liberia",
    "incorrects": ["Bangladesh", "Saudi Arabia", "French Guiana"],
    "url": "/liberia"
  },
  {
    "default_size": "https://flagcdn.com/256x192/ly.png",
    "mini_size": "https://flagcdn.com/128x96/ly.png",
    "correct": "Libya",
    "incorrects": ["Indonesia", "South Africa", "Syria"],
    "url": "/libya"
  },
  {
    "default_size": "https://flagcdn.com/256x192/mg.png",
    "mini_size": "https://flagcdn.com/128x96/mg.png",
    "correct": "Madagascar",
    "incorrects": ["Jamaica", "Pitcairn Islands", "Moldova"],
    "url": "/madagascar"
  },
  {
    "default_size": "https://flagcdn.com/256x192/mw.png",
    "mini_size": "https://flagcdn.com/128x96/mw.png",
    "correct": "Malawi",
    "incorrects": ["Panama", "Lebanon", "Bolivia"],
    "url": "/malawi"
  },
  {
    "default_size": "https://flagcdn.com/256x192/ml.png",
    "mini_size": "https://flagcdn.com/128x96/ml.png",
    "correct": "Mali",
    "incorrects": ["China", "Guatemala", "Åland Islands"],
    "url": "/mali"
  },
  {
    "default_size": "https://flagcdn.com/256x192/mr.png",
    "mini_size": "https://flagcdn.com/128x96/mr.png",
    "correct": "Mauritania",
    "incorrects": ["Cape Verde", "British Virgin Islands", "Sudan"],
    "url": "/mauritania"
  },
  {
    "default_size": "https://flagcdn.com/256x192/mu.png",
    "mini_size": "https://flagcdn.com/128x96/mu.png",
    "correct": "Mauritius",
    "incorrects": ["Réunion", "Latvia", "Mongolia"],
    "url": "/mauritius"
  },
  {
    "default_size": "https://flagcdn.com/256x192/yt.png",
    "mini_size": "https://flagcdn.com/128x96/yt.png",
    "correct": "Mayotte",
    "incorrects": ["Saint Kitts and Nevis", "Malawi", "United Kingdom"],
    "url": "/mayotte"
  },
  {
    "default_size": "https://flagcdn.com/256x192/ma.png",
    "mini_size": "https://flagcdn.com/128x96/ma.png",
    "correct": "Morocco",
    "incorrects": ["Italy", "Portugal", "Kiribati"],
    "url": "/morocco"
  },
  {
    "default_size": "https://flagcdn.com/256x192/mz.png",
    "mini_size": "https://flagcdn.com/128x96/mz.png",
    "correct": "Mozambique",
    "incorrects": ["Ireland", "Wallis and Futuna", "Singapore"],
    "url": "/mozambique"
  },
  {
    "default_size": "https://flagcdn.com/256x192/na.png",
    "mini_size": "https://flagcdn.com/128x96/na.png",
    "correct": "Namibia",
    "incorrects": ["Costa Rica", "El Salvador", "Saint Pierre and Miquelon"],
    "url": "/namibia"
  },
  {
    "default_size": "https://flagcdn.com/256x192/ne.png",
    "mini_size": "https://flagcdn.com/128x96/ne.png",
    "correct": "Niger",
    "incorrects": ["Cayman Islands", "French Polynesia", "Sint Maarten"],
    "url": "/niger"
  },
  {
    "default_size": "https://flagcdn.com/256x192/ng.png",
    "mini_size": "https://flagcdn.com/128x96/ng.png",
    "correct": "Nigeria",
    "incorrects": ["Cameroon", "Saint Lucia", "Nauru"],
    "url": "/nigeria"
  },
  {
    "default_size": "https://flagcdn.com/256x192/re.png",
    "mini_size": "https://flagcdn.com/128x96/re.png",
    "correct": "Réunion",
    "incorrects": ["Maldives", "Denmark", "Yemen"],
    "url": "/reunion"
  },
  {
    "default_size": "https://flagcdn.com/256x192/rw.png",
    "mini_size": "https://flagcdn.com/128x96/rw.png",
    "correct": "Rwanda",
    "incorrects": ["Svalbard and Jan Mayen", "Greece", "Luxembourg"],
    "url": "/rwanda"
  },
  {
    "default_size": "https://flagcdn.com/256x192/sh.png",
    "mini_size": "https://flagcdn.com/128x96/sh.png",
    "correct": "Saint Helena, Ascension and Tristan da Cunha",
    "incorrects": ["Poland", "Iceland", "Haiti"],
    "url": "/saint-helena-ascension-and-tristan-da-cunha"
  },
  {
    "default_size": "https://flagcdn.com/256x192/st.png",
    "mini_size": "https://flagcdn.com/128x96/st.png",
    "correct": "São Tomé and Príncipe",
    "incorrects": ["Malawi", "Mozambique", "Guatemala"],
    "url": "/sao-tome-and-principe"
  },
  {
    "default_size": "https://flagcdn.com/256x192/sn.png",
    "mini_size": "https://flagcdn.com/128x96/sn.png",
    "correct": "Senegal",
    "incorrects": ["Solomon Islands", "Egypt", "Suriname"],
    "url": "/senegal"
  },
  {
    "default_size": "https://flagcdn.com/256x192/sc.png",
    "mini_size": "https://flagcdn.com/128x96/sc.png",
    "correct": "Seychelles",
    "incorrects": ["Bermuda", "Haiti", "United Arab Emirates"],
    "url": "/the-seychelles"
  },
  {
    "default_size": "https://flagcdn.com/256x192/sl.png",
    "mini_size": "https://flagcdn.com/128x96/sl.png",
    "correct": "Sierra Leone",
    "incorrects": ["Suriname", "Réunion", "Djibouti"],
    "url": "/sierra-leone"
  },
  {
    "default_size": "https://flagcdn.com/256x192/so.png",
    "mini_size": "https://flagcdn.com/128x96/so.png",
    "correct": "Somalia",
    "incorrects": ["United States", "Saint Pierre and Miquelon", "Saint Lucia"],
    "url": "/somalia"
  },
  {
    "default_size": "https://flagcdn.com/256x192/za.png",
    "mini_size": "https://flagcdn.com/128x96/za.png",
    "correct": "South Africa",
    "incorrects": ["Dominican Republic", "Myanmar", "Peru"],
    "url": "/south-africa"
  },
  {
    "default_size": "https://flagcdn.com/256x192/ss.png",
    "mini_size": "https://flagcdn.com/128x96/ss.png",
    "correct": "South Sudan",
    "incorrects": ["Nigeria", "Bahrain", "Spain"],
    "url": "/south-sudan"
  },
  {
    "default_size": "https://flagcdn.com/256x192/sd.png",
    "mini_size": "https://flagcdn.com/128x96/sd.png",
    "correct": "Sudan",
    "incorrects": ["Bulgaria", "Anguilla", "Cuba"],
    "url": "/sudan"
  },
  {
    "default_size": "https://flagcdn.com/256x192/tz.png",
    "mini_size": "https://flagcdn.com/128x96/tz.png",
    "correct": "Tanzania",
    "incorrects": ["Philippines", "Ghana", "Panama"],
    "url": "/tanzania"
  },
  {
    "default_size": "https://flagcdn.com/256x192/tg.png",
    "mini_size": "https://flagcdn.com/128x96/tg.png",
    "correct": "Togo",
    "incorrects": ["Barbados", "Italy", "Austria"],
    "url": "/togo"
  },
  {
    "default_size": "https://flagcdn.com/256x192/tn.png",
    "mini_size": "https://flagcdn.com/128x96/tn.png",
    "correct": "Tunisia",
    "incorrects": ["Sri Lanka", "Kuwait", "Mali"],
    "url": "/tunisia"
  },
  {
    "default_size": "https://flagcdn.com/256x192/ug.png",
    "mini_size": "https://flagcdn.com/128x96/ug.png",
    "correct": "Uganda",
    "incorrects": ["Republic of the Congo", "Sweden", "Tajikistan"],
    "url": "/uganda"
  },
  {
    "default_size": "https://flagcdn.com/256x192/eh.png",
    "mini_size": "https://flagcdn.com/128x96/eh.png",
    "correct": "Western Sahara",
    "incorrects": ["Nigeria", "Bangladesh", "United Arab Emirates"],
    "url": "/western-sahara"
  },
  {
    "default_size": "https://flagcdn.com/256x192/zm.png",
    "mini_size": "https://flagcdn.com/128x96/zm.png",
    "correct": "Zambia",
    "incorrects": ["Lebanon", "British Virgin Islands", "Jamaica"],
    "url": "/zambia"
  },
  {
    "default_size": "https://flagcdn.com/256x192/zw.png",
    "mini_size": "https://flagcdn.com/128x96/zw.png",
    "correct": "Zimbabwe",
    "incorrects": ["Algeria", "Niue", "Tanzania"],
    "url": "/zimbabwe"
  },
  {
    "default_size": "https://flagcdn.com/256x192/af.png",
    "mini_size": "https://flagcdn.com/128x96/af.png",
    "correct": "Afghanistan",
    "incorrects": ["Uganda", "Faroe Islands", "Ghana"],
    "url": "/afghanistan"
  },
  {
    "default_size": "https://flagcdn.com/256x192/am.png",
    "mini_size": "https://flagcdn.com/128x96/am.png",
    "correct": "Armenia",
    "incorrects": ["Bahrain", "Western Sahara", "Liberia"],
    "url": "/armenia"
  },
  {
    "default_size": "https://flagcdn.com/256x192/az.png",
    "mini_size": "https://flagcdn.com/128x96/az.png",
    "correct": "Azerbaijan",
    "incorrects": ["Zimbabwe", "Vanuatu", "Singapore"],
    "url": "/azerbaijan"
  },
  {
    "default_size": "https://flagcdn.com/256x192/bh.png",
    "mini_size": "https://flagcdn.com/128x96/bh.png",
    "correct": "Bahrain",
    "incorrects": ["Zimbabwe", "Trinidad and Tobago", "Anguilla"],
    "url": "/bahrain"
  },
  {
    "default_size": "https://flagcdn.com/256x192/bd.png",
    "mini_size": "https://flagcdn.com/128x96/bd.png",
    "correct": "Bangladesh",
    "incorrects": ["Mayotte", "Tonga", "Taiwan"],
    "url": "/bangladesh"
  },
  {
    "default_size": "https://flagcdn.com/256x192/bt.png",
    "mini_size": "https://flagcdn.com/128x96/bt.png",
    "correct": "Bhutan",
    "incorrects": ["Lebanon", "Andorra", "Bangladesh"],
    "url": "/bhutan"
  },
  {
    "default_size": "https://flagcdn.com/256x192/bn.png",
    "mini_size": "https://flagcdn.com/128x96/bn.png",
    "correct": "Brunei",
    "incorrects": ["Turks and Caicos Islands", "Namibia", "Martinique"],
    "url": "/brunei"
  },
  {
    "default_size": "https://flagcdn.com/256x192/kh.png",
    "mini_size": "https://flagcdn.com/128x96/kh.png",
    "correct": "Cambodia",
    "incorrects": ["Greenland", "Timor-Leste", "Vanuatu"],
    "url": "/cambodia"
  },
  {
    "default_size": "https://flagcdn.com/256x192/cn.png",
    "mini_size": "https://flagcdn.com/128x96/cn.png",
    "correct": "China",
    "incorrects": ["Albania", "Bosnia and Herzegovina", "Qatar"],
    "url": "/the-people-s-republic-of-china"
  },
  {
    "default_size": "https://flagcdn.com/256x192/eg.png",
    "mini_size": "https://flagcdn.com/128x96/eg.png",
    "correct": "Egypt",
    "incorrects": ["Serbia", "Kiribati", "Uzbekistan"],
    "url": "/egypt"
  },
  {
    "default_size": "https://flagcdn.com/256x192/ge.png",
    "mini_size": "https://flagcdn.com/128x96/ge.png",
    "correct": "Georgia",
    "incorrects": ["Botswana", "Sweden", "Hungary"],
    "url": "/georgia"
  },
  {
    "default_size": "https://flagcdn.com/256x192/hk.png",
    "mini_size": "https://flagcdn.com/128x96/hk.png",
    "correct": "Hong Kong",
    "incorrects": ["New Zealand", "Taiwan", "Bhutan"],
    "url": "/hong-kong"
  },
  {
    "default_size": "https://flagcdn.com/256x192/in.png",
    "mini_size": "https://flagcdn.com/128x96/in.png",
    "correct": "India",
    "incorrects": ["Ukraine", "Timor-Leste", "Falkland Islands"],
    "url": "/india"
  },
  {
    "default_size": "https://flagcdn.com/256x192/id.png",
    "mini_size": "https://flagcdn.com/128x96/id.png",
    "correct": "Indonesia",
    "incorrects": ["Lithuania", "Mayotte", "Jersey"],
    "url": "/indonesia"
  },
  {
    "default_size": "https://flagcdn.com/256x192/ir.png",
    "mini_size": "https://flagcdn.com/128x96/ir.png",
    "correct": "Iran",
    "incorrects": ["DR Congo", "Bahamas", "Sint Maarten"],
    "url": "/iran"
  },
  {
    "default_size": "https://flagcdn.com/256x192/iq.png",
    "mini_size": "https://flagcdn.com/128x96/iq.png",
    "correct": "Iraq",
    "incorrects": ["Eritrea", "Jersey", "Western Sahara"],
    "url": "/iraq"
  },
  {
    "default_size": "https://flagcdn.com/256x192/il.png",
    "mini_size": "https://flagcdn.com/128x96/il.png",
    "correct": "Israel",
    "incorrects": ["Tuvalu", "Algeria", "Timor-Leste"],
    "url": "/israel"
  },
  {
    "default_size": "https://flagcdn.com/256x192/jp.png",
    "mini_size": "https://flagcdn.com/128x96/jp.png",
    "correct": "Japan",
    "incorrects": ["Israel", "Belgium", "Zambia"],
    "url": "/japan"
  },
  {
    "default_size": "https://flagcdn.com/256x192/jo.png",
    "mini_size": "https://flagcdn.com/128x96/jo.png",
    "correct": "Jordan",
    "incorrects": ["Germany", "Morocco", "Romania"],
    "url": "/jordan"
  },
  {
    "default_size": "https://flagcdn.com/256x192/kz.png",
    "mini_size": "https://flagcdn.com/128x96/kz.png",
    "correct": "Kazakhstan",
    "incorrects": ["Liberia", "Kiribati", "Faroe Islands"],
    "url": "/kazakhstan"
  },
  {
    "default_size": "https://flagcdn.com/256x192/kp.png",
    "mini_size": "https://flagcdn.com/128x96/kp.png",
    "correct": "North Korea",
    "incorrects": ["Montserrat", "Iran", "Indonesia"],
    "url": "/north-korea"
  },
  {
    "default_size": "https://flagcdn.com/256x192/kr.png",
    "mini_size": "https://flagcdn.com/128x96/kr.png",
    "correct": "South Korea",
    "incorrects": ["Tunisia", "Bolivia", "Saint Barthélemy"],
    "url": "/south-korea"
  },
  {
    "default_size": "https://flagcdn.com/256x192/kw.png",
    "mini_size": "https://flagcdn.com/128x96/kw.png",
    "correct": "Kuwait",
    "incorrects": ["Maldives", "Afghanistan", "Comoros"],
    "url": "/kuwait"
  },
  {
    "default_size": "https://flagcdn.com/256x192/kg.png",
    "mini_size": "https://flagcdn.com/128x96/kg.png",
    "correct": "Kyrgyzstan",
    "incorrects": ["Georgia", "Bermuda", "Venezuela"],
    "url": "/kyrgyzstan"
  },
  {
    "default_size": "https://flagcdn.com/256x192/la.png",
    "mini_size": "https://flagcdn.com/128x96/la.png",
    "correct": "Laos",
    "incorrects": ["Bermuda", "Curaçao", "São Tomé and Príncipe"],
    "url": "/laos"
  },
  {
    "default_size": "https://flagcdn.com/256x192/lb.png",
    "mini_size": "https://flagcdn.com/128x96/lb.png",
    "correct": "Lebanon",
    "incorrects": ["France", "Gibraltar", "Wallis and Futuna"],
    "url": "/lebanon"
  },
  {
    "default_size": "https://flagcdn.com/256x192/mo.png",
    "mini_size": "https://flagcdn.com/128x96/mo.png",
    "correct": "Macau",
    "incorrects": ["Sierra Leone", "France", "Laos"],
    "url": "/macau"
  },
  {
    "default_size": "https://flagcdn.com/256x192/my.png",
    "mini_size": "https://flagcdn.com/128x96/my.png",
    "correct": "Malaysia",
    "incorrects": ["Bahrain", "Comoros", "Mozambique"],
    "url": "/malaysia"
  },
  {
    "default_size": "https://flagcdn.com/256x192/mv.png",
    "mini_size": "https://flagcdn.com/128x96/mv.png",
    "correct": "Maldives",
    "incorrects": ["Rwanda", "Montenegro", "Kazakhstan"],
    "url": "/maldives"
  },
  {
    "default_size": "https://flagcdn.com/256x192/mn.png",
    "mini_size": "https://flagcdn.com/128x96/mn.png",
    "correct": "Mongolia",
    "incorrects": [
      "Saint Helena, Ascension and Tristan da Cunha",
      "Dominican Republic",
      "Australia"
    ],
    "url": "/mongolia"
  },
  {
    "default_size": "https://flagcdn.com/256x192/mm.png",
    "mini_size": "https://flagcdn.com/128x96/mm.png",
    "correct": "Myanmar",
    "incorrects": ["Nigeria", "Austria", "Netherlands"],
    "url": "/myanmar"
  },
  {
    "default_size": "https://flagcdn.com/256x192/np.png",
    "mini_size": "https://flagcdn.com/128x96/np.png",
    "correct": "Nepal",
    "incorrects": ["Saint Lucia", "New Zealand", "Saint Barthélemy"],
    "url": "/nepal"
  },
  {
    "default_size": "https://flagcdn.com/256x192/om.png",
    "mini_size": "https://flagcdn.com/128x96/om.png",
    "correct": "Oman",
    "incorrects": ["Germany", "Tonga", "Armenia"],
    "url": "/oman"
  },
  {
    "default_size": "https://flagcdn.com/256x192/pk.png",
    "mini_size": "https://flagcdn.com/128x96/pk.png",
    "correct": "Pakistan",
    "incorrects": ["Papua New Guinea", "Turkey", "Belgium"],
    "url": "/pakistan"
  },
  {
    "default_size": "https://flagcdn.com/256x192/ps.png",
    "mini_size": "https://flagcdn.com/128x96/ps.png",
    "correct": "Palestine",
    "incorrects": ["Cuba", "Benin", "Portugal"],
    "url": "/palestine"
  },
  {
    "default_size": "https://flagcdn.com/256x192/ph.png",
    "mini_size": "https://flagcdn.com/128x96/ph.png",
    "correct": "Philippines",
    "incorrects": ["Myanmar", "Yemen", "Mauritius"],
    "url": "/the-philippines"
  },
  {
    "default_size": "https://flagcdn.com/256x192/qa.png",
    "mini_size": "https://flagcdn.com/128x96/qa.png",
    "correct": "Qatar",
    "incorrects": ["Trinidad and Tobago", "Sweden", "Fiji"],
    "url": "/qatar"
  },
  {
    "default_size": "https://flagcdn.com/256x192/ru.png",
    "mini_size": "https://flagcdn.com/128x96/ru.png",
    "correct": "Russia",
    "incorrects": ["Uruguay", "Cyprus", "Greenland"],
    "url": "/russia"
  },
  {
    "default_size": "https://flagcdn.com/256x192/sa.png",
    "mini_size": "https://flagcdn.com/128x96/sa.png",
    "correct": "Saudi Arabia",
    "incorrects": [
      "Vietnam",
      "Mayotte",
      "United States Minor Outlying Islands"
    ],
    "url": "/saudi-arabia"
  },
  {
    "default_size": "https://flagcdn.com/256x192/sg.png",
    "mini_size": "https://flagcdn.com/128x96/sg.png",
    "correct": "Singapore",
    "incorrects": ["Bhutan", "Timor-Leste", "Turks and Caicos Islands"],
    "url": "/singapore"
  },
  {
    "default_size": "https://flagcdn.com/256x192/lk.png",
    "mini_size": "https://flagcdn.com/128x96/lk.png",
    "correct": "Sri Lanka",
    "incorrects": ["Palau", "Cyprus", "Lithuania"],
    "url": "/sri-lanka"
  },
  {
    "default_size": "https://flagcdn.com/256x192/sy.png",
    "mini_size": "https://flagcdn.com/128x96/sy.png",
    "correct": "Syria",
    "incorrects": ["Cocos Islands", "Spain", "Uganda"],
    "url": "/syria"
  },
  {
    "default_size": "https://flagcdn.com/256x192/tw.png",
    "mini_size": "https://flagcdn.com/128x96/tw.png",
    "correct": "Taiwan",
    "incorrects": ["Curaçao", "Tajikistan", "Samoa"],
    "url": "/the-republic-of-china"
  },
  {
    "default_size": "https://flagcdn.com/256x192/tj.png",
    "mini_size": "https://flagcdn.com/128x96/tj.png",
    "correct": "Tajikistan",
    "incorrects": ["Mayotte", "Papua New Guinea", "Albania"],
    "url": "/tajikistan"
  },
  {
    "default_size": "https://flagcdn.com/256x192/th.png",
    "mini_size": "https://flagcdn.com/128x96/th.png",
    "correct": "Thailand",
    "incorrects": ["Tajikistan", "Central African Republic", "Algeria"],
    "url": "/thailand"
  },
  {
    "default_size": "https://flagcdn.com/256x192/tl.png",
    "mini_size": "https://flagcdn.com/128x96/tl.png",
    "correct": "Timor-Leste",
    "incorrects": ["Laos", "Gabon", "Côte d'Ivoire"],
    "url": "/east-timor"
  },
  {
    "default_size": "https://flagcdn.com/256x192/tr.png",
    "mini_size": "https://flagcdn.com/128x96/tr.png",
    "correct": "Turkey",
    "incorrects": ["France", "Eritrea", "Tuvalu"],
    "url": "/turkey"
  },
  {
    "default_size": "https://flagcdn.com/256x192/tm.png",
    "mini_size": "https://flagcdn.com/128x96/tm.png",
    "correct": "Turkmenistan",
    "incorrects": ["Macau", "Austria", "Finland"],
    "url": "/turkmenistan"
  },
  {
    "default_size": "https://flagcdn.com/256x192/ae.png",
    "mini_size": "https://flagcdn.com/128x96/ae.png",
    "correct": "United Arab Emirates",
    "incorrects": ["Belize", "Guernsey", "Marshall Islands"],
    "url": "/the-united-arab-emirates"
  },
  {
    "default_size": "https://flagcdn.com/256x192/uz.png",
    "mini_size": "https://flagcdn.com/128x96/uz.png",
    "correct": "Uzbekistan",
    "incorrects": ["Vatican City", "Morocco", "Spain"],
    "url": "/uzbekistan"
  },
  {
    "default_size": "https://flagcdn.com/256x192/vn.png",
    "mini_size": "https://flagcdn.com/128x96/vn.png",
    "correct": "Vietnam",
    "incorrects": ["Mauritius", "Andorra", "Cook Islands"],
    "url": "/vietnam"
  },
  {
    "default_size": "https://flagcdn.com/256x192/ye.png",
    "mini_size": "https://flagcdn.com/128x96/ye.png",
    "correct": "Yemen",
    "incorrects": [
      "Kenya",
      "Saint Pierre and Miquelon",
      "United States Virgin Islands"
    ],
    "url": "/yemen"
  },
  {
    "default_size": "https://flagcdn.com/256x192/ax.png",
    "mini_size": "https://flagcdn.com/128x96/ax.png",
    "correct": "Åland Islands",
    "incorrects": ["South Korea", "Somalia", "Brunei"],
    "url": "/aland-islands"
  },
  {
    "default_size": "https://flagcdn.com/256x192/al.png",
    "mini_size": "https://flagcdn.com/128x96/al.png",
    "correct": "Albania",
    "incorrects": ["Caribbean Netherlands", "Bahrain", "Vietnam"],
    "url": "/albania"
  },
  {
    "default_size": "https://flagcdn.com/256x192/ad.png",
    "mini_size": "https://flagcdn.com/128x96/ad.png",
    "correct": "Andorra",
    "incorrects": ["Martinique", "Comoros", "Belarus"],
    "url": "/andorra"
  },
  {
    "default_size": "https://flagcdn.com/256x192/at.png",
    "mini_size": "https://flagcdn.com/128x96/at.png",
    "correct": "Austria",
    "incorrects": ["Mayotte", "French Polynesia", "Mauritius"],
    "url": "/austria"
  },
  {
    "default_size": "https://flagcdn.com/256x192/by.png",
    "mini_size": "https://flagcdn.com/128x96/by.png",
    "correct": "Belarus",
    "incorrects": ["Comoros", "Greenland", "Pakistan"],
    "url": "/belarus"
  },
  {
    "default_size": "https://flagcdn.com/256x192/be.png",
    "mini_size": "https://flagcdn.com/128x96/be.png",
    "correct": "Belgium",
    "incorrects": ["Egypt", "Finland", "Marshall Islands"],
    "url": "/belgium"
  },
  {
    "default_size": "https://flagcdn.com/256x192/ba.png",
    "mini_size": "https://flagcdn.com/128x96/ba.png",
    "correct": "Bosnia and Herzegovina",
    "incorrects": ["Palestine", "Panama", "United States Virgin Islands"],
    "url": "/bosnia-and-herzegovina"
  },
  {
    "default_size": "https://flagcdn.com/256x192/bg.png",
    "mini_size": "https://flagcdn.com/128x96/bg.png",
    "correct": "Bulgaria",
    "incorrects": ["Cape Verde", "Uruguay", "Haiti"],
    "url": "/bulgaria"
  },
  {
    "default_size": "https://flagcdn.com/256x192/hr.png",
    "mini_size": "https://flagcdn.com/128x96/hr.png",
    "correct": "Croatia",
    "incorrects": ["Cuba", "Cocos Islands", "Wallis and Futuna"],
    "url": "/croatia"
  },
  {
    "default_size": "https://flagcdn.com/256x192/cy.png",
    "mini_size": "https://flagcdn.com/128x96/cy.png",
    "correct": "Cyprus",
    "incorrects": ["Zimbabwe", "Sri Lanka", "Gabon"],
    "url": "/cyprus"
  },
  {
    "default_size": "https://flagcdn.com/256x192/cz.png",
    "mini_size": "https://flagcdn.com/128x96/cz.png",
    "correct": "Czechia",
    "incorrects": [
      "Philippines",
      "Turks and Caicos Islands",
      "Republic of the Congo"
    ],
    "url": "/the-czech-republic"
  },
  {
    "default_size": "https://flagcdn.com/256x192/dk.png",
    "mini_size": "https://flagcdn.com/128x96/dk.png",
    "correct": "Denmark",
    "incorrects": ["Tuvalu", "Ireland", "Belarus"],
    "url": "/denmark"
  },
  {
    "default_size": "https://flagcdn.com/256x192/ee.png",
    "mini_size": "https://flagcdn.com/128x96/ee.png",
    "correct": "Estonia",
    "incorrects": ["Solomon Islands", "Saint Kitts and Nevis", "Greenland"],
    "url": "/estonia"
  },
  {
    "default_size": "https://flagcdn.com/256x192/fo.png",
    "mini_size": "https://flagcdn.com/128x96/fo.png",
    "correct": "Faroe Islands",
    "incorrects": ["Djibouti", "Syria", "Djibouti"],
    "url": "/faroe-islands"
  },
  {
    "default_size": "https://flagcdn.com/256x192/fi.png",
    "mini_size": "https://flagcdn.com/128x96/fi.png",
    "correct": "Finland",
    "incorrects": ["South Sudan", "Guatemala", "Albania"],
    "url": "/finland"
  },
  {
    "default_size": "https://flagcdn.com/256x192/fr.png",
    "mini_size": "https://flagcdn.com/128x96/fr.png",
    "correct": "France",
    "incorrects": ["Norfolk Island", "Saint Lucia", "Panama"],
    "url": "/france"
  },
  {
    "default_size": "https://flagcdn.com/256x192/de.png",
    "mini_size": "https://flagcdn.com/128x96/de.png",
    "correct": "Germany",
    "incorrects": ["Namibia", "Paraguay", "Vietnam"],
    "url": "/germany"
  },
  {
    "default_size": "https://flagcdn.com/256x192/gi.png",
    "mini_size": "https://flagcdn.com/128x96/gi.png",
    "correct": "Gibraltar",
    "incorrects": ["Bermuda", "United Arab Emirates", "Egypt"],
    "url": "/gibraltar"
  },
  {
    "default_size": "https://flagcdn.com/256x192/gr.png",
    "mini_size": "https://flagcdn.com/128x96/gr.png",
    "correct": "Greece",
    "incorrects": ["Albania", "French Polynesia", "Saint Pierre and Miquelon"],
    "url": "/greece"
  },
  {
    "default_size": "https://flagcdn.com/256x192/gg.png",
    "mini_size": "https://flagcdn.com/128x96/gg.png",
    "correct": "Guernsey",
    "incorrects": ["Belize", "Belize", "India"],
    "url": "/guernsey"
  },
  {
    "default_size": "https://flagcdn.com/256x192/hu.png",
    "mini_size": "https://flagcdn.com/128x96/hu.png",
    "correct": "Hungary",
    "incorrects": ["Ethiopia", "Micronesia", "Qatar"],
    "url": "/hungary"
  },
  {
    "default_size": "https://flagcdn.com/256x192/is.png",
    "mini_size": "https://flagcdn.com/128x96/is.png",
    "correct": "Iceland",
    "incorrects": ["Greenland", "Guernsey", "Tokelau"],
    "url": "/iceland"
  },
  {
    "default_size": "https://flagcdn.com/256x192/ie.png",
    "mini_size": "https://flagcdn.com/128x96/ie.png",
    "correct": "Ireland",
    "incorrects": ["Burundi", "Guinea-Bissau", "Norfolk Island"],
    "url": "/ireland"
  },
  {
    "default_size": "https://flagcdn.com/256x192/im.png",
    "mini_size": "https://flagcdn.com/128x96/im.png",
    "correct": "Isle of Man",
    "incorrects": ["French Guiana", "Bulgaria", "Kazakhstan"],
    "url": "/isle-of-man"
  },
  {
    "default_size": "https://flagcdn.com/256x192/it.png",
    "mini_size": "https://flagcdn.com/128x96/it.png",
    "correct": "Italy",
    "incorrects": ["Austria", "Angola", "Qatar"],
    "url": "/italy"
  },
  {
    "default_size": "https://flagcdn.com/256x192/je.png",
    "mini_size": "https://flagcdn.com/128x96/je.png",
    "correct": "Jersey",
    "incorrects": ["Montserrat", "Timor-Leste", "Denmark"],
    "url": "/jersey"
  },
  {
    "default_size": "https://flagcdn.com/256x192/xk.png",
    "mini_size": "https://flagcdn.com/128x96/xk.png",
    "correct": "Kosovo",
    "incorrects": ["Germany", "Ireland", "Palestine"],
    "url": "/kosovo"
  },
  {
    "default_size": "https://flagcdn.com/256x192/lv.png",
    "mini_size": "https://flagcdn.com/128x96/lv.png",
    "correct": "Latvia",
    "incorrects": [
      "Central African Republic",
      "Åland Islands",
      "Faroe Islands"
    ],
    "url": "/latvia"
  },
  {
    "default_size": "https://flagcdn.com/256x192/li.png",
    "mini_size": "https://flagcdn.com/128x96/li.png",
    "correct": "Liechtenstein",
    "incorrects": ["Vietnam", "Puerto Rico", "Chile"],
    "url": "/liechtenstein"
  },
  {
    "default_size": "https://flagcdn.com/256x192/lt.png",
    "mini_size": "https://flagcdn.com/128x96/lt.png",
    "correct": "Lithuania",
    "incorrects": ["Greece", "Djibouti", "India"],
    "url": "/lithuania"
  },
  {
    "default_size": "https://flagcdn.com/256x192/lu.png",
    "mini_size": "https://flagcdn.com/128x96/lu.png",
    "correct": "Luxembourg",
    "incorrects": ["Dominica", "Barbados", "Qatar"],
    "url": "/luxembourg"
  },
  {
    "default_size": "https://flagcdn.com/256x192/mt.png",
    "mini_size": "https://flagcdn.com/128x96/mt.png",
    "correct": "Malta",
    "incorrects": ["Timor-Leste", "Bangladesh", "Andorra"],
    "url": "/malta"
  },
  {
    "default_size": "https://flagcdn.com/256x192/md.png",
    "mini_size": "https://flagcdn.com/128x96/md.png",
    "correct": "Moldova",
    "incorrects": ["Mauritania", "North Korea", "Anguilla"],
    "url": "/moldova"
  },
  {
    "default_size": "https://flagcdn.com/256x192/mc.png",
    "mini_size": "https://flagcdn.com/128x96/mc.png",
    "correct": "Monaco",
    "incorrects": ["Canada", "Belarus", "Montserrat"],
    "url": "/monaco"
  },
  {
    "default_size": "https://flagcdn.com/256x192/me.png",
    "mini_size": "https://flagcdn.com/128x96/me.png",
    "correct": "Montenegro",
    "incorrects": ["Czechia", "Bosnia and Herzegovina", "Dominica"],
    "url": "/montenegro"
  },
  {
    "default_size": "https://flagcdn.com/256x192/nl.png",
    "mini_size": "https://flagcdn.com/128x96/nl.png",
    "correct": "Netherlands",
    "incorrects": ["Kyrgyzstan", "Slovakia", "Liberia"],
    "url": "/the-netherlands"
  },
  {
    "default_size": "https://flagcdn.com/256x192/mk.png",
    "mini_size": "https://flagcdn.com/128x96/mk.png",
    "correct": "North Macedonia",
    "incorrects": ["Slovakia", "Cuba", "Burundi"],
    "url": "/macedonia"
  },
  {
    "default_size": "https://flagcdn.com/256x192/no.png",
    "mini_size": "https://flagcdn.com/128x96/no.png",
    "correct": "Norway",
    "incorrects": ["Mauritius", "Poland", "Caribbean Netherlands"],
    "url": "/norway"
  },
  {
    "default_size": "https://flagcdn.com/256x192/pl.png",
    "mini_size": "https://flagcdn.com/128x96/pl.png",
    "correct": "Poland",
    "incorrects": ["Cuba", "Czechia", "Guam"],
    "url": "/poland"
  },
  {
    "default_size": "https://flagcdn.com/256x192/pt.png",
    "mini_size": "https://flagcdn.com/128x96/pt.png",
    "correct": "Portugal",
    "incorrects": ["Cambodia", "Greece", "Cayman Islands"],
    "url": "/portugal"
  },
  {
    "default_size": "https://flagcdn.com/256x192/ro.png",
    "mini_size": "https://flagcdn.com/128x96/ro.png",
    "correct": "Romania",
    "incorrects": ["Zambia", "Mozambique", "Mali"],
    "url": "/romania"
  },
  {
    "default_size": "https://flagcdn.com/256x192/ru.png",
    "mini_size": "https://flagcdn.com/128x96/ru.png",
    "correct": "Russia",
    "incorrects": ["Marshall Islands", "Romania", "Germany"],
    "url": "/russia"
  },
  {
    "default_size": "https://flagcdn.com/256x192/sm.png",
    "mini_size": "https://flagcdn.com/128x96/sm.png",
    "correct": "San Marino",
    "incorrects": ["Niue", "United Arab Emirates", "Lithuania"],
    "url": "/san-marino"
  },
  {
    "default_size": "https://flagcdn.com/256x192/rs.png",
    "mini_size": "https://flagcdn.com/128x96/rs.png",
    "correct": "Serbia",
    "incorrects": ["Yemen", "Tuvalu", "Somalia"],
    "url": "/serbia"
  },
  {
    "default_size": "https://flagcdn.com/256x192/sk.png",
    "mini_size": "https://flagcdn.com/128x96/sk.png",
    "correct": "Slovakia",
    "incorrects": ["Andorra", "South Korea", "New Caledonia"],
    "url": "/slovakia"
  },
  {
    "default_size": "https://flagcdn.com/256x192/si.png",
    "mini_size": "https://flagcdn.com/128x96/si.png",
    "correct": "Slovenia",
    "incorrects": ["Ukraine", "Falkland Islands", "Russia"],
    "url": "/slovenia"
  },
  {
    "default_size": "https://flagcdn.com/256x192/es.png",
    "mini_size": "https://flagcdn.com/128x96/es.png",
    "correct": "Spain",
    "incorrects": ["Mali", "India", "Ukraine"],
    "url": "/spain"
  },
  {
    "default_size": "https://flagcdn.com/256x192/sj.png",
    "mini_size": "https://flagcdn.com/128x96/sj.png",
    "correct": "Svalbard and Jan Mayen",
    "incorrects": ["Bahamas", "Brunei", "Albania"],
    "url": "/svalbard-and-jan-mayen"
  },
  {
    "default_size": "https://flagcdn.com/256x192/se.png",
    "mini_size": "https://flagcdn.com/128x96/se.png",
    "correct": "Sweden",
    "incorrects": ["Denmark", "Maldives", "Cuba"],
    "url": "/sweden"
  },
  {
    "default_size": "https://flagcdn.com/256x192/ch.png",
    "mini_size": "https://flagcdn.com/128x96/ch.png",
    "correct": "Switzerland",
    "incorrects": ["Israel", "Western Sahara", "North Korea"],
    "url": "/switzerland"
  },
  {
    "default_size": "https://flagcdn.com/256x192/tr.png",
    "mini_size": "https://flagcdn.com/128x96/tr.png",
    "correct": "Turkey",
    "incorrects": ["Cameroon", "Philippines", "Mozambique"],
    "url": "/turkey"
  },
  {
    "default_size": "https://flagcdn.com/256x192/ua.png",
    "mini_size": "https://flagcdn.com/128x96/ua.png",
    "correct": "Ukraine",
    "incorrects": ["São Tomé and Príncipe", "Afghanistan", "Hong Kong"],
    "url": "/ukraine"
  },
  {
    "default_size": "https://flagcdn.com/256x192/gb.png",
    "mini_size": "https://flagcdn.com/128x96/gb.png",
    "correct": "United Kingdom",
    "incorrects": ["Czechia", "Uruguay", "Belarus"],
    "url": "/the-united-kingdom"
  },
  {
    "default_size": "https://flagcdn.com/256x192/va.png",
    "mini_size": "https://flagcdn.com/128x96/va.png",
    "correct": "Vatican City",
    "incorrects": ["Mexico", "Belarus", "South Sudan"],
    "url": "/the-vatican-city"
  },
  {
    "default_size": "https://flagcdn.com/256x192/ai.png",
    "mini_size": "https://flagcdn.com/128x96/ai.png",
    "correct": "Anguilla",
    "incorrects": ["Bangladesh", "Mauritius", "New Caledonia"],
    "url": "/anguilla"
  },
  {
    "default_size": "https://flagcdn.com/256x192/ag.png",
    "mini_size": "https://flagcdn.com/128x96/ag.png",
    "correct": "Antigua and Barbuda",
    "incorrects": ["Pakistan", "Saint Kitts and Nevis", "Gabon"],
    "url": "/antigua-and-barbuda"
  },
  {
    "default_size": "https://flagcdn.com/256x192/aw.png",
    "mini_size": "https://flagcdn.com/128x96/aw.png",
    "correct": "Aruba",
    "incorrects": ["Kyrgyzstan", "Panama", "Thailand"],
    "url": "/aruba"
  },
  {
    "default_size": "https://flagcdn.com/256x192/bs.png",
    "mini_size": "https://flagcdn.com/128x96/bs.png",
    "correct": "Bahamas",
    "incorrects": ["Monaco", "Cuba", "New Zealand"],
    "url": "/the-bahamas"
  },
  {
    "default_size": "https://flagcdn.com/256x192/bb.png",
    "mini_size": "https://flagcdn.com/128x96/bb.png",
    "correct": "Barbados",
    "incorrects": ["Belarus", "Angola", "Colombia"],
    "url": "/barbados"
  },
  {
    "default_size": "https://flagcdn.com/256x192/bz.png",
    "mini_size": "https://flagcdn.com/128x96/bz.png",
    "correct": "Belize",
    "incorrects": ["Guinea-Bissau", "New Zealand", "Guernsey"],
    "url": "/belize"
  },
  {
    "default_size": "https://flagcdn.com/256x192/bm.png",
    "mini_size": "https://flagcdn.com/128x96/bm.png",
    "correct": "Bermuda",
    "incorrects": ["Russia", "United States Virgin Islands", "Kiribati"],
    "url": "/bermuda"
  },
  {
    "default_size": "https://flagcdn.com/256x192/ca.png",
    "mini_size": "https://flagcdn.com/128x96/ca.png",
    "correct": "Canada",
    "incorrects": ["Norfolk Island", "Turkey", "Greece"],
    "url": "/canada"
  },
  {
    "default_size": "https://flagcdn.com/256x192/bq.png",
    "mini_size": "https://flagcdn.com/128x96/bq.png",
    "correct": "Caribbean Netherlands",
    "incorrects": ["Mauritania", "Jordan", "Mongolia"],
    "url": "/caribbean-netherlands"
  },
  {
    "default_size": "https://flagcdn.com/256x192/ky.png",
    "mini_size": "https://flagcdn.com/128x96/ky.png",
    "correct": "Cayman Islands",
    "incorrects": ["New Zealand", "North Macedonia", "Sudan"],
    "url": "/cayman-islands"
  },
  {
    "default_size": "https://flagcdn.com/256x192/cr.png",
    "mini_size": "https://flagcdn.com/128x96/cr.png",
    "correct": "Costa Rica",
    "incorrects": ["Belize", "Cook Islands", "Guernsey"],
    "url": "/costa-rica"
  },
  {
    "default_size": "https://flagcdn.com/256x192/cu.png",
    "mini_size": "https://flagcdn.com/128x96/cu.png",
    "correct": "Cuba",
    "incorrects": ["Chad", "Panama", "Greenland"],
    "url": "/cuba"
  },
  {
    "default_size": "https://flagcdn.com/256x192/cw.png",
    "mini_size": "https://flagcdn.com/128x96/cw.png",
    "correct": "Curaçao",
    "incorrects": ["Mali", "Chad", "Haiti"],
    "url": "/curacao"
  },
  {
    "default_size": "https://flagcdn.com/256x192/dm.png",
    "mini_size": "https://flagcdn.com/128x96/dm.png",
    "correct": "Dominica",
    "incorrects": ["Svalbard and Jan Mayen", "France", "Egypt"],
    "url": "/dominica"
  },
  {
    "default_size": "https://flagcdn.com/256x192/do.png",
    "mini_size": "https://flagcdn.com/128x96/do.png",
    "correct": "Dominican Republic",
    "incorrects": ["El Salvador", "Morocco", "Greece"],
    "url": "/the-dominican-republic"
  },
  {
    "default_size": "https://flagcdn.com/256x192/sv.png",
    "mini_size": "https://flagcdn.com/128x96/sv.png",
    "correct": "El Salvador",
    "incorrects": ["Tuvalu", "Liechtenstein", "Estonia"],
    "url": "/el-salvador"
  },
  {
    "default_size": "https://flagcdn.com/256x192/gl.png",
    "mini_size": "https://flagcdn.com/128x96/gl.png",
    "correct": "Greenland",
    "incorrects": ["Aruba", "Denmark", "Tuvalu"],
    "url": "/greenland"
  },
  {
    "default_size": "https://flagcdn.com/256x192/gd.png",
    "mini_size": "https://flagcdn.com/128x96/gd.png",
    "correct": "Grenada",
    "incorrects": ["Cape Verde", "Senegal", "Rwanda"],
    "url": "/grenada"
  },
  {
    "default_size": "https://flagcdn.com/256x192/gp.png",
    "mini_size": "https://flagcdn.com/128x96/gp.png",
    "correct": "Guadeloupe",
    "incorrects": ["Turkmenistan", "Bolivia", "Sierra Leone"],
    "url": "/guadeloupe"
  },
  {
    "default_size": "https://flagcdn.com/256x192/gt.png",
    "mini_size": "https://flagcdn.com/128x96/gt.png",
    "correct": "Guatemala",
    "incorrects": ["Vietnam", "Namibia", "France"],
    "url": "/guatemala"
  },
  {
    "default_size": "https://flagcdn.com/256x192/ht.png",
    "mini_size": "https://flagcdn.com/128x96/ht.png",
    "correct": "Haiti",
    "incorrects": ["Liberia", "Saint Lucia", "Sint Maarten"],
    "url": "/haiti"
  },
  {
    "default_size": "https://flagcdn.com/256x192/hn.png",
    "mini_size": "https://flagcdn.com/128x96/hn.png",
    "correct": "Honduras",
    "incorrects": ["Guatemala", "Republic of the Congo", "Portugal"],
    "url": "/honduras"
  },
  {
    "default_size": "https://flagcdn.com/256x192/jm.png",
    "mini_size": "https://flagcdn.com/128x96/jm.png",
    "correct": "Jamaica",
    "incorrects": ["Palau", "Mozambique", "Eswatini"],
    "url": "/jamaica"
  },
  {
    "default_size": "https://flagcdn.com/256x192/mq.png",
    "mini_size": "https://flagcdn.com/128x96/mq.png",
    "correct": "Martinique",
    "incorrects": ["Seychelles", "Liechtenstein", "Turks and Caicos Islands"],
    "url": "/martinique"
  },
  {
    "default_size": "https://flagcdn.com/256x192/mx.png",
    "mini_size": "https://flagcdn.com/128x96/mx.png",
    "correct": "Mexico",
    "incorrects": ["Austria", "Wallis and Futuna", "Saint Kitts and Nevis"],
    "url": "/mexico"
  },
  {
    "default_size": "https://flagcdn.com/256x192/ms.png",
    "mini_size": "https://flagcdn.com/128x96/ms.png",
    "correct": "Montserrat",
    "incorrects": ["Mongolia", "Kazakhstan", "Azerbaijan"],
    "url": "/montserrat"
  },
  {
    "default_size": "https://flagcdn.com/256x192/ni.png",
    "mini_size": "https://flagcdn.com/128x96/ni.png",
    "correct": "Nicaragua",
    "incorrects": ["Bermuda", "Luxembourg", "Equatorial Guinea"],
    "url": "/nicaragua"
  },
  {
    "default_size": "https://flagcdn.com/256x192/pa.png",
    "mini_size": "https://flagcdn.com/128x96/pa.png",
    "correct": "Panama",
    "incorrects": ["Northern Mariana Islands", "Greenland", "Belgium"],
    "url": "/panama"
  },
  {
    "default_size": "https://flagcdn.com/256x192/pr.png",
    "mini_size": "https://flagcdn.com/128x96/pr.png",
    "correct": "Puerto Rico",
    "incorrects": ["Egypt", "Croatia", "Côte d'Ivoire"],
    "url": "/puerto-rico"
  },
  {
    "default_size": "https://flagcdn.com/256x192/bl.png",
    "mini_size": "https://flagcdn.com/128x96/bl.png",
    "correct": "Saint Barthélemy",
    "incorrects": ["Ukraine", "Andorra", "Latvia"],
    "url": "/saint-barthelemy"
  },
  {
    "default_size": "https://flagcdn.com/256x192/kn.png",
    "mini_size": "https://flagcdn.com/128x96/kn.png",
    "correct": "Saint Kitts and Nevis",
    "incorrects": ["Kenya", "Trinidad and Tobago", "Bulgaria"],
    "url": "/saint-kitts-and-nevis"
  },
  {
    "default_size": "https://flagcdn.com/256x192/lc.png",
    "mini_size": "https://flagcdn.com/128x96/lc.png",
    "correct": "Saint Lucia",
    "incorrects": ["Belize", "Palau", "Spain"],
    "url": "/saint-lucia"
  },
  {
    "default_size": "https://flagcdn.com/256x192/mf.png",
    "mini_size": "https://flagcdn.com/128x96/mf.png",
    "correct": "Saint Martin",
    "incorrects": ["Botswana", "Turkmenistan", "Mayotte"],
    "url": "/saint-martin"
  },
  {
    "default_size": "https://flagcdn.com/256x192/pm.png",
    "mini_size": "https://flagcdn.com/128x96/pm.png",
    "correct": "Saint Pierre and Miquelon",
    "incorrects": ["São Tomé and Príncipe", "Antigua and Barbuda", "Tuvalu"],
    "url": "/saint-pierre-and-miquelon"
  },
  {
    "default_size": "https://flagcdn.com/256x192/vc.png",
    "mini_size": "https://flagcdn.com/128x96/vc.png",
    "correct": "Saint Vincent and the Grenadines",
    "incorrects": ["Mexico", "Cook Islands", "Ghana"],
    "url": "/saint-vincent-and-the-grenadines"
  },
  {
    "default_size": "https://flagcdn.com/256x192/sx.png",
    "mini_size": "https://flagcdn.com/128x96/sx.png",
    "correct": "Sint Maarten",
    "incorrects": ["Botswana", "Trinidad and Tobago", "Mozambique"],
    "url": "/sint-maarten"
  },
  {
    "default_size": "https://flagcdn.com/256x192/tc.png",
    "mini_size": "https://flagcdn.com/128x96/tc.png",
    "correct": "Turks and Caicos Islands",
    "incorrects": ["South Sudan", "Niger", "Uruguay"],
    "url": "/turks-and-caicos-islands"
  },
  {
    "default_size": "https://flagcdn.com/256x192/us.png",
    "mini_size": "https://flagcdn.com/128x96/us.png",
    "correct": "United States",
    "incorrects": ["Grenada", "Réunion", "Guatemala"],
    "url": "/the-united-states"
  },
  {
    "default_size": "https://flagcdn.com/256x192/um.png",
    "mini_size": "https://flagcdn.com/128x96/um.png",
    "correct": "United States Minor Outlying Islands",
    "incorrects": ["DR Congo", "Chad", "Angola"],
    "url": "/united-states-minor-outlying-islands"
  },
  {
    "default_size": "https://flagcdn.com/256x192/vg.png",
    "mini_size": "https://flagcdn.com/128x96/vg.png",
    "correct": "British Virgin Islands",
    "incorrects": ["Albania", "Zimbabwe", "Guernsey"],
    "url": "/british-virgin-islands"
  },
  {
    "default_size": "https://flagcdn.com/256x192/vi.png",
    "mini_size": "https://flagcdn.com/128x96/vi.png",
    "correct": "United States Virgin Islands",
    "incorrects": ["Anguilla", "Kazakhstan", "Mexico"],
    "url": "/united-states-virgin-islands"
  },
  {
    "default_size": "https://flagcdn.com/256x192/as.png",
    "mini_size": "https://flagcdn.com/128x96/as.png",
    "correct": "American Samoa",
    "incorrects": ["Isle of Man", "Burundi", "South Sudan"],
    "url": "/american-samoa"
  },
  {
    "default_size": "https://flagcdn.com/256x192/au.png",
    "mini_size": "https://flagcdn.com/128x96/au.png",
    "correct": "Australia",
    "incorrects": ["Greenland", "United States", "Cocos Islands"],
    "url": "/australia"
  },
  {
    "default_size": "https://flagcdn.com/256x192/cx.png",
    "mini_size": "https://flagcdn.com/128x96/cx.png",
    "correct": "Christmas Island",
    "incorrects": ["Ecuador", "Guinea", "Kiribati"],
    "url": "/christmas-island"
  },
  {
    "default_size": "https://flagcdn.com/256x192/cc.png",
    "mini_size": "https://flagcdn.com/128x96/cc.png",
    "correct": "Cocos Islands",
    "incorrects": ["Nigeria", "Myanmar", "United States Virgin Islands"],
    "url": "/cocos-islands"
  },
  {
    "default_size": "https://flagcdn.com/256x192/ck.png",
    "mini_size": "https://flagcdn.com/128x96/ck.png",
    "correct": "Cook Islands",
    "incorrects": [
      "Saint Lucia",
      "Saint Pierre and Miquelon",
      "Saint Pierre and Miquelon"
    ],
    "url": "/cook-islands"
  },
  {
    "default_size": "https://flagcdn.com/256x192/fj.png",
    "mini_size": "https://flagcdn.com/128x96/fj.png",
    "correct": "Fiji",
    "incorrects": ["Germany", "Spain", "Luxembourg"],
    "url": "/fiji"
  },
  {
    "default_size": "https://flagcdn.com/256x192/pf.png",
    "mini_size": "https://flagcdn.com/128x96/pf.png",
    "correct": "French Polynesia",
    "incorrects": ["Norfolk Island", "Serbia", "Kyrgyzstan"],
    "url": "/french-polynesia"
  },
  {
    "default_size": "https://flagcdn.com/256x192/gu.png",
    "mini_size": "https://flagcdn.com/128x96/gu.png",
    "correct": "Guam",
    "incorrects": ["Cambodia", "Andorra", "Greenland"],
    "url": "/guam"
  },
  {
    "default_size": "https://flagcdn.com/256x192/id.png",
    "mini_size": "https://flagcdn.com/128x96/id.png",
    "correct": "Indonesia",
    "incorrects": ["Norfolk Island", "Tokelau", "Liechtenstein"],
    "url": "/indonesia"
  },
  {
    "default_size": "https://flagcdn.com/256x192/ki.png",
    "mini_size": "https://flagcdn.com/128x96/ki.png",
    "correct": "Kiribati",
    "incorrects": ["Gambia", "Georgia", "India"],
    "url": "/kiribati"
  },
  {
    "default_size": "https://flagcdn.com/256x192/mh.png",
    "mini_size": "https://flagcdn.com/128x96/mh.png",
    "correct": "Marshall Islands",
    "incorrects": ["Liechtenstein", "Guyana", "Saint Kitts and Nevis"],
    "url": "/the-marshall-islands"
  },
  {
    "default_size": "https://flagcdn.com/256x192/fm.png",
    "mini_size": "https://flagcdn.com/128x96/fm.png",
    "correct": "Micronesia",
    "incorrects": ["Lesotho", "Greenland", "United States"],
    "url": "/micronesia"
  },
  {
    "default_size": "https://flagcdn.com/256x192/nr.png",
    "mini_size": "https://flagcdn.com/128x96/nr.png",
    "correct": "Nauru",
    "incorrects": ["Albania", "DR Congo", "Cuba"],
    "url": "/nauru"
  },
  {
    "default_size": "https://flagcdn.com/256x192/nc.png",
    "mini_size": "https://flagcdn.com/128x96/nc.png",
    "correct": "New Caledonia",
    "incorrects": ["Germany", "British Virgin Islands", "South Africa"],
    "url": "/new-caledonia"
  },
  {
    "default_size": "https://flagcdn.com/256x192/nz.png",
    "mini_size": "https://flagcdn.com/128x96/nz.png",
    "correct": "New Zealand",
    "incorrects": ["Venezuela", "South Sudan", "San Marino"],
    "url": "/new-zealand"
  },
  {
    "default_size": "https://flagcdn.com/256x192/nu.png",
    "mini_size": "https://flagcdn.com/128x96/nu.png",
    "correct": "Niue",
    "incorrects": ["Aruba", "Grenada", "Lesotho"],
    "url": "/niue"
  },
  {
    "default_size": "https://flagcdn.com/256x192/nf.png",
    "mini_size": "https://flagcdn.com/128x96/nf.png",
    "correct": "Norfolk Island",
    "incorrects": ["French Guiana", "Belarus", "Belize"],
    "url": "/norfolk-island"
  },
  {
    "default_size": "https://flagcdn.com/256x192/mp.png",
    "mini_size": "https://flagcdn.com/128x96/mp.png",
    "correct": "Northern Mariana Islands",
    "incorrects": ["Nepal", "Ukraine", "China"],
    "url": "/northern-mariana-islands"
  },
  {
    "default_size": "https://flagcdn.com/256x192/pw.png",
    "mini_size": "https://flagcdn.com/128x96/pw.png",
    "correct": "Palau",
    "incorrects": ["Sri Lanka", "Laos", "Gambia"],
    "url": "/palau"
  },
  {
    "default_size": "https://flagcdn.com/256x192/pg.png",
    "mini_size": "https://flagcdn.com/128x96/pg.png",
    "correct": "Papua New Guinea",
    "incorrects": ["Czechia", "Brunei", "Bermuda"],
    "url": "/papua-new-guinea"
  },
  {
    "default_size": "https://flagcdn.com/256x192/pn.png",
    "mini_size": "https://flagcdn.com/128x96/pn.png",
    "correct": "Pitcairn Islands",
    "incorrects": ["Cayman Islands", "Anguilla", "Kyrgyzstan"],
    "url": "/pitcairn-islands"
  },
  {
    "default_size": "https://flagcdn.com/256x192/ws.png",
    "mini_size": "https://flagcdn.com/128x96/ws.png",
    "correct": "Samoa",
    "incorrects": ["Eswatini", "Sweden", "Northern Mariana Islands"],
    "url": "/samoa"
  },
  {
    "default_size": "https://flagcdn.com/256x192/sb.png",
    "mini_size": "https://flagcdn.com/128x96/sb.png",
    "correct": "Solomon Islands",
    "incorrects": ["Algeria", "Ecuador", "Saint Vincent and the Grenadines"],
    "url": "/the-solomon-islands"
  },
  {
    "default_size": "https://flagcdn.com/256x192/tk.png",
    "mini_size": "https://flagcdn.com/128x96/tk.png",
    "correct": "Tokelau",
    "incorrects": ["Paraguay", "Mongolia", "Slovenia"],
    "url": "/tokelau"
  },
  {
    "default_size": "https://flagcdn.com/256x192/to.png",
    "mini_size": "https://flagcdn.com/128x96/to.png",
    "correct": "Tonga",
    "incorrects": ["South Sudan", "Dominican Republic", "Kosovo"],
    "url": "/tonga"
  },
  {
    "default_size": "https://flagcdn.com/256x192/tv.png",
    "mini_size": "https://flagcdn.com/128x96/tv.png",
    "correct": "Tuvalu",
    "incorrects": ["Mozambique", "Indonesia", "Nauru"],
    "url": "/tuvalu"
  },
  {
    "default_size": "https://flagcdn.com/256x192/vu.png",
    "mini_size": "https://flagcdn.com/128x96/vu.png",
    "correct": "Vanuatu",
    "incorrects": ["Cayman Islands", "Turkmenistan", "Libya"],
    "url": "/vanuatu"
  },
  {
    "default_size": "https://flagcdn.com/256x192/wf.png",
    "mini_size": "https://flagcdn.com/128x96/wf.png",
    "correct": "Wallis and Futuna",
    "incorrects": ["Fiji", "Vatican City", "Mayotte"],
    "url": "/wallis-and-futuna"
  },
  {
    "default_size": "https://flagcdn.com/256x192/ar.png",
    "mini_size": "https://flagcdn.com/128x96/ar.png",
    "correct": "Argentina",
    "incorrects": ["United States", "Mauritania", "Canada"],
    "url": "/argentina"
  },
  {
    "default_size": "https://flagcdn.com/256x192/bo.png",
    "mini_size": "https://flagcdn.com/128x96/bo.png",
    "correct": "Bolivia",
    "incorrects": ["Armenia", "Brunei", "Eritrea"],
    "url": "/bolivia"
  },
  {
    "default_size": "https://flagcdn.com/256x192/br.png",
    "mini_size": "https://flagcdn.com/128x96/br.png",
    "correct": "Brazil",
    "incorrects": ["Christmas Island", "Curaçao", "Sweden"],
    "url": "/brazil"
  },
  {
    "default_size": "https://flagcdn.com/256x192/cl.png",
    "mini_size": "https://flagcdn.com/128x96/cl.png",
    "correct": "Chile",
    "incorrects": ["Micronesia", "New Zealand", "Åland Islands"],
    "url": "/chile"
  },
  {
    "default_size": "https://flagcdn.com/256x192/co.png",
    "mini_size": "https://flagcdn.com/128x96/co.png",
    "correct": "Colombia",
    "incorrects": ["Slovakia", "Syria", "Central African Republic"],
    "url": "/colombia"
  },
  {
    "default_size": "https://flagcdn.com/256x192/ec.png",
    "mini_size": "https://flagcdn.com/128x96/ec.png",
    "correct": "Ecuador",
    "incorrects": ["Nepal", "Canada", "Suriname"],
    "url": "/ecuador"
  },
  {
    "default_size": "https://flagcdn.com/256x192/fk.png",
    "mini_size": "https://flagcdn.com/128x96/fk.png",
    "correct": "Falkland Islands",
    "incorrects": ["Mexico", "Rwanda", "Luxembourg"],
    "url": "/falkland-islands"
  },
  {
    "default_size": "https://flagcdn.com/256x192/gf.png",
    "mini_size": "https://flagcdn.com/128x96/gf.png",
    "correct": "French Guiana",
    "incorrects": ["Kiribati", "Paraguay", "Togo"],
    "url": "/french-guiana"
  },
  {
    "default_size": "https://flagcdn.com/256x192/gy.png",
    "mini_size": "https://flagcdn.com/128x96/gy.png",
    "correct": "Guyana",
    "incorrects": ["Saint Kitts and Nevis", "Hong Kong", "Cuba"],
    "url": "/guyana"
  },
  {
    "default_size": "https://flagcdn.com/256x192/py.png",
    "mini_size": "https://flagcdn.com/128x96/py.png",
    "correct": "Paraguay",
    "incorrects": ["Kosovo", "Åland Islands", "Jersey"],
    "url": "/paraguay"
  },
  {
    "default_size": "https://flagcdn.com/256x192/pe.png",
    "mini_size": "https://flagcdn.com/128x96/pe.png",
    "correct": "Peru",
    "incorrects": ["San Marino", "Japan", "Singapore"],
    "url": "/peru"
  },
  {
    "default_size": "https://flagcdn.com/256x192/sr.png",
    "mini_size": "https://flagcdn.com/128x96/sr.png",
    "correct": "Suriname",
    "incorrects": ["Antigua and Barbuda", "Myanmar", "Denmark"],
    "url": "/suriname"
  },
  {
    "default_size": "https://flagcdn.com/256x192/tt.png",
    "mini_size": "https://flagcdn.com/128x96/tt.png",
    "correct": "Trinidad and Tobago",
    "incorrects": ["Burkina Faso", "Tanzania", "Gibraltar"],
    "url": "/trinidad-and-tobago"
  },
  {
    "default_size": "https://flagcdn.com/256x192/uy.png",
    "mini_size": "https://flagcdn.com/128x96/uy.png",
    "correct": "Uruguay",
    "incorrects": ["Algeria", "Western Sahara", "Slovenia"],
    "url": "/uruguay"
  },
  {
    "default_size": "https://flagcdn.com/256x192/ve.png",
    "mini_size": "https://flagcdn.com/128x96/ve.png",
    "correct": "Venezuela",
    "incorrects": ["British Indian Ocean Territory", "Gabon", "France"],
    "url": "/venezuela"
  }
]
