[{"default_size":"https://flagcdn.com/256x192/dz.png","mini_size":"https://flagcdn.com/128x96/dz.png","correct":"Algeria","incorrects":["Ethiopia","Afghanistan","Tanzania"],"url":"/algeria"},{"default_size":"https://flagcdn.com/256x192/ao.png","mini_size":"https://flagcdn.com/128x96/ao.png","correct":"Angola","incorrects":["San Marino","Gambia","Lithuania"],"url":"/angola"},{"default_size":"https://flagcdn.com/256x192/bj.png","mini_size":"https://flagcdn.com/128x96/bj.png","correct":"Benin","incorrects":["Belize","Slovakia","DR Congo"],"url":"/benin"},{"default_size":"https://flagcdn.com/256x192/bw.png","mini_size":"https://flagcdn.com/128x96/bw.png","correct":"Botswana","incorrects":["Saint Helena, Ascension and Tristan da Cunha","Eswatini","Czechia"],"url":"/botswana"},{"default_size":"https://flagcdn.com/256x192/io.png","mini_size":"https://flagcdn.com/128x96/io.png","correct":"British Indian Ocean Territory","incorrects":["Georgia","Kyrgyzstan","Andorra"],"url":"/british-indian-ocean-territory"},{"default_size":"https://flagcdn.com/256x192/bf.png","mini_size":"https://flagcdn.com/128x96/bf.png","correct":"Burkina Faso","incorrects":["Tokelau","Namibia","Brunei"],"url":"/burkina-faso"},{"default_size":"https://flagcdn.com/256x192/bi.png","mini_size":"https://flagcdn.com/128x96/bi.png","correct":"Burundi","incorrects":["Cape Verde","China","Saint Pierre and Miquelon"],"url":"/burundi"},{"default_size":"https://flagcdn.com/256x192/cm.png","mini_size":"https://flagcdn.com/128x96/cm.png","correct":"Cameroon","incorrects":["Egypt","Iran","Bhutan"],"url":"/cameroon"},{"default_size":"https://flagcdn.com/256x192/cv.png","mini_size":"https://flagcdn.com/128x96/cv.png","correct":"Cape Verde","incorrects":["Taiwan","Barbados","British Indian Ocean Territory"],"url":"/cape-verde"},{"default_size":"https://flagcdn.com/256x192/cf.png","mini_size":"https://flagcdn.com/128x96/cf.png","correct":"Central African Republic","incorrects":["Mayotte","Malta","Albania"],"url":"/the-central-african-republic"},{"default_size":"https://flagcdn.com/256x192/td.png","mini_size":"https://flagcdn.com/128x96/td.png","correct":"Chad","incorrects":["Chile","Sri Lanka","Curaçao"],"url":"/chad"},{"default_size":"https://flagcdn.com/256x192/km.png","mini_size":"https://flagcdn.com/128x96/km.png","correct":"Comoros","incorrects":["Afghanistan","Bangladesh","Togo"],"url":"/the-comoros"},{"default_size":"https://flagcdn.com/256x192/cg.png","mini_size":"https://flagcdn.com/128x96/cg.png","correct":"Republic of the Congo","incorrects":["Tonga","Dominican Republic","Turkmenistan"],"url":"/the-republic-of-the-congo"},{"default_size":"https://flagcdn.com/256x192/cd.png","mini_size":"https://flagcdn.com/128x96/cd.png","correct":"DR Congo","incorrects":["Serbia","Israel","Bermuda"],"url":"/the-democratic-republic-of-the-congo"},{"default_size":"https://flagcdn.com/256x192/ci.png","mini_size":"https://flagcdn.com/128x96/ci.png","correct":"Côte d'Ivoire","incorrects":["United States Minor Outlying Islands","Vatican City","Palestine"],"url":"/cote-d-ivoire"},{"default_size":"https://flagcdn.com/256x192/dj.png","mini_size":"https://flagcdn.com/128x96/dj.png","correct":"Djibouti","incorrects":["Faroe Islands","Gibraltar","Côte d'Ivoire"],"url":"/djibouti"},{"default_size":"https://flagcdn.com/256x192/eg.png","mini_size":"https://flagcdn.com/128x96/eg.png","correct":"Egypt","incorrects":["El Salvador","Bhutan","United States Virgin Islands"],"url":"/egypt"},{"default_size":"https://flagcdn.com/256x192/gq.png","mini_size":"https://flagcdn.com/128x96/gq.png","correct":"Equatorial Guinea","incorrects":["Portugal","Pitcairn Islands","Italy"],"url":"/equatorial-guinea"},{"default_size":"https://flagcdn.com/256x192/er.png","mini_size":"https://flagcdn.com/128x96/er.png","correct":"Eritrea","incorrects":["Western Sahara","Gibraltar","Guyana"],"url":"/eritrea"},{"default_size":"https://flagcdn.com/256x192/sz.png","mini_size":"https://flagcdn.com/128x96/sz.png","correct":"Eswatini","incorrects":["Czechia","Samoa","Grenada"],"url":"/swaziland"},{"default_size":"https://flagcdn.com/256x192/et.png","mini_size":"https://flagcdn.com/128x96/et.png","correct":"Ethiopia","incorrects":["Czechia","Mongolia","Sint Maarten"],"url":"/ethiopia"},{"default_size":"https://flagcdn.com/256x192/ga.png","mini_size":"https://flagcdn.com/128x96/ga.png","correct":"Gabon","incorrects":["Senegal","Honduras","Kuwait"],"url":"/gabon"},{"default_size":"https://flagcdn.com/256x192/gm.png","mini_size":"https://flagcdn.com/128x96/gm.png","correct":"Gambia","incorrects":["Qatar","Syria","Mauritania"],"url":"/the-gambia"},{"default_size":"https://flagcdn.com/256x192/gh.png","mini_size":"https://flagcdn.com/128x96/gh.png","correct":"Ghana","incorrects":["Brazil","Martinique","Trinidad and Tobago"],"url":"/ghana"},{"default_size":"https://flagcdn.com/256x192/gn.png","mini_size":"https://flagcdn.com/128x96/gn.png","correct":"Guinea","incorrects":["Finland","Ukraine","Cameroon"],"url":"/guinea"},{"default_size":"https://flagcdn.com/256x192/gw.png","mini_size":"https://flagcdn.com/128x96/gw.png","correct":"Guinea-Bissau","incorrects":["Austria","Gambia","Solomon Islands"],"url":"/guinea-bissau"},{"default_size":"https://flagcdn.com/256x192/ke.png","mini_size":"https://flagcdn.com/128x96/ke.png","correct":"Kenya","incorrects":["Belgium","Israel","Sierra Leone"],"url":"/kenya"},{"default_size":"https://flagcdn.com/256x192/ls.png","mini_size":"https://flagcdn.com/128x96/ls.png","correct":"Lesotho","incorrects":["Indonesia","Austria","Faroe Islands"],"url":"/lesotho"},{"default_size":"https://flagcdn.com/256x192/lr.png","mini_size":"https://flagcdn.com/128x96/lr.png","correct":"Liberia","incorrects":["Antigua and Barbuda","Brazil","Maldives"],"url":"/liberia"},{"default_size":"https://flagcdn.com/256x192/ly.png","mini_size":"https://flagcdn.com/128x96/ly.png","correct":"Libya","incorrects":["France","Antigua and Barbuda","Somalia"],"url":"/libya"},{"default_size":"https://flagcdn.com/256x192/mg.png","mini_size":"https://flagcdn.com/128x96/mg.png","correct":"Madagascar","incorrects":["Luxembourg","Saint Kitts and Nevis","Kazakhstan"],"url":"/madagascar"},{"default_size":"https://flagcdn.com/256x192/mw.png","mini_size":"https://flagcdn.com/128x96/mw.png","correct":"Malawi","incorrects":["Thailand","Papua New Guinea","Lebanon"],"url":"/malawi"},{"default_size":"https://flagcdn.com/256x192/ml.png","mini_size":"https://flagcdn.com/128x96/ml.png","correct":"Mali","incorrects":["Syria","Cape Verde","Namibia"],"url":"/mali"},{"default_size":"https://flagcdn.com/256x192/mr.png","mini_size":"https://flagcdn.com/128x96/mr.png","correct":"Mauritania","incorrects":["Iran","Tokelau","Botswana"],"url":"/mauritania"},{"default_size":"https://flagcdn.com/256x192/mu.png","mini_size":"https://flagcdn.com/128x96/mu.png","correct":"Mauritius","incorrects":["Indonesia","Côte d'Ivoire","Palestine"],"url":"/mauritius"},{"default_size":"https://flagcdn.com/256x192/yt.png","mini_size":"https://flagcdn.com/128x96/yt.png","correct":"Mayotte","incorrects":["Malaysia","French Polynesia","Namibia"],"url":"/mayotte"},{"default_size":"https://flagcdn.com/256x192/ma.png","mini_size":"https://flagcdn.com/128x96/ma.png","correct":"Morocco","incorrects":["Hong Kong","Sudan","United States Minor Outlying Islands"],"url":"/morocco"},{"default_size":"https://flagcdn.com/256x192/mz.png","mini_size":"https://flagcdn.com/128x96/mz.png","correct":"Mozambique","incorrects":["Nicaragua","United Kingdom","Saint Helena, Ascension and Tristan da Cunha"],"url":"/mozambique"},{"default_size":"https://flagcdn.com/256x192/na.png","mini_size":"https://flagcdn.com/128x96/na.png","correct":"Namibia","incorrects":["Pakistan","DR Congo","Tunisia"],"url":"/namibia"},{"default_size":"https://flagcdn.com/256x192/ne.png","mini_size":"https://flagcdn.com/128x96/ne.png","correct":"Niger","incorrects":["Papua New Guinea","Gibraltar","Botswana"],"url":"/niger"},{"default_size":"https://flagcdn.com/256x192/ng.png","mini_size":"https://flagcdn.com/128x96/ng.png","correct":"Nigeria","incorrects":["São Tomé and Príncipe","Equatorial Guinea","Bhutan"],"url":"/nigeria"},{"default_size":"https://flagcdn.com/256x192/re.png","mini_size":"https://flagcdn.com/128x96/re.png","correct":"Réunion","incorrects":["Guinea","Malawi","Czechia"],"url":"/reunion"},{"default_size":"https://flagcdn.com/256x192/rw.png","mini_size":"https://flagcdn.com/128x96/rw.png","correct":"Rwanda","incorrects":["Saint Vincent and the Grenadines","Réunion","Portugal"],"url":"/rwanda"},{"default_size":"https://flagcdn.com/256x192/sh.png","mini_size":"https://flagcdn.com/128x96/sh.png","correct":"Saint Helena, Ascension and Tristan da Cunha","incorrects":["Burkina Faso","Russia","Ethiopia"],"url":"/saint-helena-ascension-and-tristan-da-cunha"},{"default_size":"https://flagcdn.com/256x192/st.png","mini_size":"https://flagcdn.com/128x96/st.png","correct":"São Tomé and Príncipe","incorrects":["Tajikistan","Czechia","Madagascar"],"url":"/sao-tome-and-principe"},{"default_size":"https://flagcdn.com/256x192/sn.png","mini_size":"https://flagcdn.com/128x96/sn.png","correct":"Senegal","incorrects":["Slovenia","Belize","New Zealand"],"url":"/senegal"},{"default_size":"https://flagcdn.com/256x192/sc.png","mini_size":"https://flagcdn.com/128x96/sc.png","correct":"Seychelles","incorrects":["São Tomé and Príncipe","Costa Rica","Antigua and Barbuda"],"url":"/the-seychelles"},{"default_size":"https://flagcdn.com/256x192/sl.png","mini_size":"https://flagcdn.com/128x96/sl.png","correct":"Sierra Leone","incorrects":["South Sudan","Grenada","Kosovo"],"url":"/sierra-leone"},{"default_size":"https://flagcdn.com/256x192/so.png","mini_size":"https://flagcdn.com/128x96/so.png","correct":"Somalia","incorrects":["Philippines","San Marino","New Zealand"],"url":"/somalia"},{"default_size":"https://flagcdn.com/256x192/za.png","mini_size":"https://flagcdn.com/128x96/za.png","correct":"South Africa","incorrects":["Armenia","Iran","Argentina"],"url":"/south-africa"},{"default_size":"https://flagcdn.com/256x192/ss.png","mini_size":"https://flagcdn.com/128x96/ss.png","correct":"South Sudan","incorrects":["Seychelles","Mozambique","Panama"],"url":"/south-sudan"},{"default_size":"https://flagcdn.com/256x192/sd.png","mini_size":"https://flagcdn.com/128x96/sd.png","correct":"Sudan","incorrects":["Isle of Man","Wallis and Futuna","Spain"],"url":"/sudan"},{"default_size":"https://flagcdn.com/256x192/tz.png","mini_size":"https://flagcdn.com/128x96/tz.png","correct":"Tanzania","incorrects":["Bermuda","Samoa","Saint Vincent and the Grenadines"],"url":"/tanzania"},{"default_size":"https://flagcdn.com/256x192/tg.png","mini_size":"https://flagcdn.com/128x96/tg.png","correct":"Togo","incorrects":["Palau","Israel","Cayman Islands"],"url":"/togo"},{"default_size":"https://flagcdn.com/256x192/tn.png","mini_size":"https://flagcdn.com/128x96/tn.png","correct":"Tunisia","incorrects":["Guadeloupe","Romania","Croatia"],"url":"/tunisia"},{"default_size":"https://flagcdn.com/256x192/ug.png","mini_size":"https://flagcdn.com/128x96/ug.png","correct":"Uganda","incorrects":["Japan","Jamaica","South Korea"],"url":"/uganda"},{"default_size":"https://flagcdn.com/256x192/eh.png","mini_size":"https://flagcdn.com/128x96/eh.png","correct":"Western Sahara","incorrects":["Bolivia","Jamaica","Pakistan"],"url":"/western-sahara"},{"default_size":"https://flagcdn.com/256x192/zm.png","mini_size":"https://flagcdn.com/128x96/zm.png","correct":"Zambia","incorrects":["Grenada","Bahrain","Togo"],"url":"/zambia"},{"default_size":"https://flagcdn.com/256x192/zw.png","mini_size":"https://flagcdn.com/128x96/zw.png","correct":"Zimbabwe","incorrects":["United States Virgin Islands","Guam","Sint Maarten"],"url":"/zimbabwe"},{"default_size":"https://flagcdn.com/256x192/af.png","mini_size":"https://flagcdn.com/128x96/af.png","correct":"Afghanistan","incorrects":["Cape Verde","Madagascar","Germany"],"url":"/afghanistan"},{"default_size":"https://flagcdn.com/256x192/am.png","mini_size":"https://flagcdn.com/128x96/am.png","correct":"Armenia","incorrects":["Sint Maarten","Niue","Bahrain"],"url":"/armenia"},{"default_size":"https://flagcdn.com/256x192/az.png","mini_size":"https://flagcdn.com/128x96/az.png","correct":"Azerbaijan","incorrects":["Comoros","Maldives","Somalia"],"url":"/azerbaijan"},{"default_size":"https://flagcdn.com/256x192/bh.png","mini_size":"https://flagcdn.com/128x96/bh.png","correct":"Bahrain","incorrects":["Central African Republic","Grenada","Colombia"],"url":"/bahrain"},{"default_size":"https://flagcdn.com/256x192/bd.png","mini_size":"https://flagcdn.com/128x96/bd.png","correct":"Bangladesh","incorrects":["Switzerland","Philippines","Indonesia"],"url":"/bangladesh"},{"default_size":"https://flagcdn.com/256x192/bt.png","mini_size":"https://flagcdn.com/128x96/bt.png","correct":"Bhutan","incorrects":["Saint Martin","United States Minor Outlying Islands","Mauritius"],"url":"/bhutan"},{"default_size":"https://flagcdn.com/256x192/bn.png","mini_size":"https://flagcdn.com/128x96/bn.png","correct":"Brunei","incorrects":["Paraguay","Spain","Aruba"],"url":"/brunei"},{"default_size":"https://flagcdn.com/256x192/kh.png","mini_size":"https://flagcdn.com/128x96/kh.png","correct":"Cambodia","incorrects":["Central African Republic","Cook Islands","Albania"],"url":"/cambodia"},{"default_size":"https://flagcdn.com/256x192/cn.png","mini_size":"https://flagcdn.com/128x96/cn.png","correct":"China","incorrects":["Cayman Islands","Sierra Leone","San Marino"],"url":"/the-people-s-republic-of-china"},{"default_size":"https://flagcdn.com/256x192/eg.png","mini_size":"https://flagcdn.com/128x96/eg.png","correct":"Egypt","incorrects":["Iceland","Isle of Man","Christmas Island"],"url":"/egypt"},{"default_size":"https://flagcdn.com/256x192/ge.png","mini_size":"https://flagcdn.com/128x96/ge.png","correct":"Georgia","incorrects":["Kuwait","Vanuatu","Vietnam"],"url":"/georgia"},{"default_size":"https://flagcdn.com/256x192/hk.png","mini_size":"https://flagcdn.com/128x96/hk.png","correct":"Hong Kong","incorrects":["Sint Maarten","Bulgaria","Guyana"],"url":"/hong-kong"},{"default_size":"https://flagcdn.com/256x192/in.png","mini_size":"https://flagcdn.com/128x96/in.png","correct":"India","incorrects":["French Polynesia","Netherlands","United States Minor Outlying Islands"],"url":"/india"},{"default_size":"https://flagcdn.com/256x192/id.png","mini_size":"https://flagcdn.com/128x96/id.png","correct":"Indonesia","incorrects":["Faroe Islands","Aruba","South Korea"],"url":"/indonesia"},{"default_size":"https://flagcdn.com/256x192/ir.png","mini_size":"https://flagcdn.com/128x96/ir.png","correct":"Iran","incorrects":["Norfolk Island","Paraguay","Liberia"],"url":"/iran"},{"default_size":"https://flagcdn.com/256x192/iq.png","mini_size":"https://flagcdn.com/128x96/iq.png","correct":"Iraq","incorrects":["Turkey","Niue","Vanuatu"],"url":"/iraq"},{"default_size":"https://flagcdn.com/256x192/il.png","mini_size":"https://flagcdn.com/128x96/il.png","correct":"Israel","incorrects":["Tajikistan","Singapore","Nicaragua"],"url":"/israel"},{"default_size":"https://flagcdn.com/256x192/jp.png","mini_size":"https://flagcdn.com/128x96/jp.png","correct":"Japan","incorrects":["DR Congo","Cape Verde","Grenada"],"url":"/japan"},{"default_size":"https://flagcdn.com/256x192/jo.png","mini_size":"https://flagcdn.com/128x96/jo.png","correct":"Jordan","incorrects":["Marshall Islands","Mozambique","Cocos Islands"],"url":"/jordan"},{"default_size":"https://flagcdn.com/256x192/kz.png","mini_size":"https://flagcdn.com/128x96/kz.png","correct":"Kazakhstan","incorrects":["Malaysia","Åland Islands","Ireland"],"url":"/kazakhstan"},{"default_size":"https://flagcdn.com/256x192/kp.png","mini_size":"https://flagcdn.com/128x96/kp.png","correct":"North Korea","incorrects":["Northern Mariana Islands","Timor-Leste","British Virgin Islands"],"url":"/north-korea"},{"default_size":"https://flagcdn.com/256x192/kr.png","mini_size":"https://flagcdn.com/128x96/kr.png","correct":"South Korea","incorrects":["Barbados","Israel","Nepal"],"url":"/south-korea"},{"default_size":"https://flagcdn.com/256x192/kw.png","mini_size":"https://flagcdn.com/128x96/kw.png","correct":"Kuwait","incorrects":["Suriname","Romania","Venezuela"],"url":"/kuwait"},{"default_size":"https://flagcdn.com/256x192/kg.png","mini_size":"https://flagcdn.com/128x96/kg.png","correct":"Kyrgyzstan","incorrects":["Somalia","Somalia","Japan"],"url":"/kyrgyzstan"},{"default_size":"https://flagcdn.com/256x192/la.png","mini_size":"https://flagcdn.com/128x96/la.png","correct":"Laos","incorrects":["Sweden","Cyprus","Netherlands"],"url":"/laos"},{"default_size":"https://flagcdn.com/256x192/lb.png","mini_size":"https://flagcdn.com/128x96/lb.png","correct":"Lebanon","incorrects":["Liberia","Solomon Islands","Northern Mariana Islands"],"url":"/lebanon"},{"default_size":"https://flagcdn.com/256x192/mo.png","mini_size":"https://flagcdn.com/128x96/mo.png","correct":"Macau","incorrects":["Thailand","Lesotho","Argentina"],"url":"/macau"},{"default_size":"https://flagcdn.com/256x192/my.png","mini_size":"https://flagcdn.com/128x96/my.png","correct":"Malaysia","incorrects":["Turkmenistan","Sint Maarten","Nigeria"],"url":"/malaysia"},{"default_size":"https://flagcdn.com/256x192/mv.png","mini_size":"https://flagcdn.com/128x96/mv.png","correct":"Maldives","incorrects":["Slovenia","Guadeloupe","Bahrain"],"url":"/maldives"},{"default_size":"https://flagcdn.com/256x192/mn.png","mini_size":"https://flagcdn.com/128x96/mn.png","correct":"Mongolia","incorrects":["Morocco","Latvia","Nigeria"],"url":"/mongolia"},{"default_size":"https://flagcdn.com/256x192/mm.png","mini_size":"https://flagcdn.com/128x96/mm.png","correct":"Myanmar","incorrects":["São Tomé and Príncipe","South Africa","China"],"url":"/myanmar"},{"default_size":"https://flagcdn.com/256x192/np.png","mini_size":"https://flagcdn.com/128x96/np.png","correct":"Nepal","incorrects":["Nauru","United States","North Macedonia"],"url":"/nepal"},{"default_size":"https://flagcdn.com/256x192/om.png","mini_size":"https://flagcdn.com/128x96/om.png","correct":"Oman","incorrects":["New Caledonia","Jersey","Switzerland"],"url":"/oman"},{"default_size":"https://flagcdn.com/256x192/pk.png","mini_size":"https://flagcdn.com/128x96/pk.png","correct":"Pakistan","incorrects":["Austria","Croatia","Cameroon"],"url":"/pakistan"},{"default_size":"https://flagcdn.com/256x192/ps.png","mini_size":"https://flagcdn.com/128x96/ps.png","correct":"Palestine","incorrects":["Poland","Andorra","Kiribati"],"url":"/palestine"},{"default_size":"https://flagcdn.com/256x192/ph.png","mini_size":"https://flagcdn.com/128x96/ph.png","correct":"Philippines","incorrects":["Falkland Islands","Micronesia","Czechia"],"url":"/the-philippines"},{"default_size":"https://flagcdn.com/256x192/qa.png","mini_size":"https://flagcdn.com/128x96/qa.png","correct":"Qatar","incorrects":["France","Egypt","Cook Islands"],"url":"/qatar"},{"default_size":"https://flagcdn.com/256x192/ru.png","mini_size":"https://flagcdn.com/128x96/ru.png","correct":"Russia","incorrects":["Niue","Norway","Chile"],"url":"/russia"},{"default_size":"https://flagcdn.com/256x192/sa.png","mini_size":"https://flagcdn.com/128x96/sa.png","correct":"Saudi Arabia","incorrects":["Gibraltar","Gibraltar","Niue"],"url":"/saudi-arabia"},{"default_size":"https://flagcdn.com/256x192/sg.png","mini_size":"https://flagcdn.com/128x96/sg.png","correct":"Singapore","incorrects":["Cape Verde","Nauru","Sri Lanka"],"url":"/singapore"},{"default_size":"https://flagcdn.com/256x192/lk.png","mini_size":"https://flagcdn.com/128x96/lk.png","correct":"Sri Lanka","incorrects":["Pakistan","Bulgaria","Tunisia"],"url":"/sri-lanka"},{"default_size":"https://flagcdn.com/256x192/sy.png","mini_size":"https://flagcdn.com/128x96/sy.png","correct":"Syria","incorrects":["Kiribati","French Guiana","Equatorial Guinea"],"url":"/syria"},{"default_size":"https://flagcdn.com/256x192/tw.png","mini_size":"https://flagcdn.com/128x96/tw.png","correct":"Taiwan","incorrects":["El Salvador","United Kingdom","Bermuda"],"url":"/the-republic-of-china"},{"default_size":"https://flagcdn.com/256x192/tj.png","mini_size":"https://flagcdn.com/128x96/tj.png","correct":"Tajikistan","incorrects":["Liberia","Djibouti","Finland"],"url":"/tajikistan"},{"default_size":"https://flagcdn.com/256x192/th.png","mini_size":"https://flagcdn.com/128x96/th.png","correct":"Thailand","incorrects":["Palestine","Qatar","United Kingdom"],"url":"/thailand"},{"default_size":"https://flagcdn.com/256x192/tl.png","mini_size":"https://flagcdn.com/128x96/tl.png","correct":"Timor-Leste","incorrects":["Réunion","Saint Lucia","Poland"],"url":"/east-timor"},{"default_size":"https://flagcdn.com/256x192/tr.png","mini_size":"https://flagcdn.com/128x96/tr.png","correct":"Turkey","incorrects":["Christmas Island","Niger","San Marino"],"url":"/turkey"},{"default_size":"https://flagcdn.com/256x192/tm.png","mini_size":"https://flagcdn.com/128x96/tm.png","correct":"Turkmenistan","incorrects":["Costa Rica","Indonesia","Micronesia"],"url":"/turkmenistan"},{"default_size":"https://flagcdn.com/256x192/ae.png","mini_size":"https://flagcdn.com/128x96/ae.png","correct":"United Arab Emirates","incorrects":["Christmas Island","Kazakhstan","Montserrat"],"url":"/the-united-arab-emirates"},{"default_size":"https://flagcdn.com/256x192/uz.png","mini_size":"https://flagcdn.com/128x96/uz.png","correct":"Uzbekistan","incorrects":["Montserrat","Vietnam","South Korea"],"url":"/uzbekistan"},{"default_size":"https://flagcdn.com/256x192/vn.png","mini_size":"https://flagcdn.com/128x96/vn.png","correct":"Vietnam","incorrects":["Solomon Islands","Uruguay","Benin"],"url":"/vietnam"},{"default_size":"https://flagcdn.com/256x192/ye.png","mini_size":"https://flagcdn.com/128x96/ye.png","correct":"Yemen","incorrects":["Caribbean Netherlands","Mozambique","Saint Vincent and the Grenadines"],"url":"/yemen"},{"default_size":"https://flagcdn.com/256x192/ax.png","mini_size":"https://flagcdn.com/128x96/ax.png","correct":"Åland Islands","incorrects":["Trinidad and Tobago","Guam","Trinidad and Tobago"],"url":"/aland-islands"},{"default_size":"https://flagcdn.com/256x192/al.png","mini_size":"https://flagcdn.com/128x96/al.png","correct":"Albania","incorrects":["United Arab Emirates","India","Sierra Leone"],"url":"/albania"},{"default_size":"https://flagcdn.com/256x192/ad.png","mini_size":"https://flagcdn.com/128x96/ad.png","correct":"Andorra","incorrects":["French Guiana","Timor-Leste","Puerto Rico"],"url":"/andorra"},{"default_size":"https://flagcdn.com/256x192/at.png","mini_size":"https://flagcdn.com/128x96/at.png","correct":"Austria","incorrects":["Hong Kong","Caribbean Netherlands","Faroe Islands"],"url":"/austria"},{"default_size":"https://flagcdn.com/256x192/by.png","mini_size":"https://flagcdn.com/128x96/by.png","correct":"Belarus","incorrects":["Eritrea","Estonia","Guernsey"],"url":"/belarus"},{"default_size":"https://flagcdn.com/256x192/be.png","mini_size":"https://flagcdn.com/128x96/be.png","correct":"Belgium","incorrects":["Chile","Micronesia","Nicaragua"],"url":"/belgium"},{"default_size":"https://flagcdn.com/256x192/ba.png","mini_size":"https://flagcdn.com/128x96/ba.png","correct":"Bosnia and Herzegovina","incorrects":["Martinique","Iran","Cayman Islands"],"url":"/bosnia-and-herzegovina"},{"default_size":"https://flagcdn.com/256x192/bg.png","mini_size":"https://flagcdn.com/128x96/bg.png","correct":"Bulgaria","incorrects":["Argentina","Guadeloupe","Turkey"],"url":"/bulgaria"},{"default_size":"https://flagcdn.com/256x192/hr.png","mini_size":"https://flagcdn.com/128x96/hr.png","correct":"Croatia","incorrects":["China","Montenegro","Ethiopia"],"url":"/croatia"},{"default_size":"https://flagcdn.com/256x192/cy.png","mini_size":"https://flagcdn.com/128x96/cy.png","correct":"Cyprus","incorrects":["Vanuatu","British Virgin Islands","Isle of Man"],"url":"/cyprus"},{"default_size":"https://flagcdn.com/256x192/cz.png","mini_size":"https://flagcdn.com/128x96/cz.png","correct":"Czechia","incorrects":["Uruguay","Christmas Island","Costa Rica"],"url":"/the-czech-republic"},{"default_size":"https://flagcdn.com/256x192/dk.png","mini_size":"https://flagcdn.com/128x96/dk.png","correct":"Denmark","incorrects":["Kyrgyzstan","Ireland","British Indian Ocean Territory"],"url":"/denmark"},{"default_size":"https://flagcdn.com/256x192/ee.png","mini_size":"https://flagcdn.com/128x96/ee.png","correct":"Estonia","incorrects":["Aruba","Jordan","Indonesia"],"url":"/estonia"},{"default_size":"https://flagcdn.com/256x192/fo.png","mini_size":"https://flagcdn.com/128x96/fo.png","correct":"Faroe Islands","incorrects":["Palau","Guinea-Bissau","Liechtenstein"],"url":"/faroe-islands"},{"default_size":"https://flagcdn.com/256x192/fi.png","mini_size":"https://flagcdn.com/128x96/fi.png","correct":"Finland","incorrects":["Estonia","Saint Martin","Israel"],"url":"/finland"},{"default_size":"https://flagcdn.com/256x192/fr.png","mini_size":"https://flagcdn.com/128x96/fr.png","correct":"France","incorrects":["Cook Islands","Japan","Tuvalu"],"url":"/france"},{"default_size":"https://flagcdn.com/256x192/de.png","mini_size":"https://flagcdn.com/128x96/de.png","correct":"Germany","incorrects":["Venezuela","Papua New Guinea","Kenya"],"url":"/germany"},{"default_size":"https://flagcdn.com/256x192/gi.png","mini_size":"https://flagcdn.com/128x96/gi.png","correct":"Gibraltar","incorrects":["Azerbaijan","Nepal","Cape Verde"],"url":"/gibraltar"},{"default_size":"https://flagcdn.com/256x192/gr.png","mini_size":"https://flagcdn.com/128x96/gr.png","correct":"Greece","incorrects":["Cambodia","Monaco","Puerto Rico"],"url":"/greece"},{"default_size":"https://flagcdn.com/256x192/gg.png","mini_size":"https://flagcdn.com/128x96/gg.png","correct":"Guernsey","incorrects":["Bahamas","Philippines","United States"],"url":"/guernsey"},{"default_size":"https://flagcdn.com/256x192/hu.png","mini_size":"https://flagcdn.com/128x96/hu.png","correct":"Hungary","incorrects":["Indonesia","Grenada","Italy"],"url":"/hungary"},{"default_size":"https://flagcdn.com/256x192/is.png","mini_size":"https://flagcdn.com/128x96/is.png","correct":"Iceland","incorrects":["Argentina","Uganda","Panama"],"url":"/iceland"},{"default_size":"https://flagcdn.com/256x192/ie.png","mini_size":"https://flagcdn.com/128x96/ie.png","correct":"Ireland","incorrects":["Mongolia","Turkmenistan","Egypt"],"url":"/ireland"},{"default_size":"https://flagcdn.com/256x192/im.png","mini_size":"https://flagcdn.com/128x96/im.png","correct":"Isle of Man","incorrects":["Senegal","Rwanda","Central African Republic"],"url":"/isle-of-man"},{"default_size":"https://flagcdn.com/256x192/it.png","mini_size":"https://flagcdn.com/128x96/it.png","correct":"Italy","incorrects":["Kiribati","Saint Martin","Chad"],"url":"/italy"},{"default_size":"https://flagcdn.com/256x192/je.png","mini_size":"https://flagcdn.com/128x96/je.png","correct":"Jersey","incorrects":["New Caledonia","Cape Verde","Italy"],"url":"/jersey"},{"default_size":"https://flagcdn.com/256x192/xk.png","mini_size":"https://flagcdn.com/128x96/xk.png","correct":"Kosovo","incorrects":["Portugal","Ecuador","Benin"],"url":"/kosovo"},{"default_size":"https://flagcdn.com/256x192/lv.png","mini_size":"https://flagcdn.com/128x96/lv.png","correct":"Latvia","incorrects":["Wallis and Futuna","Kuwait","Montserrat"],"url":"/latvia"},{"default_size":"https://flagcdn.com/256x192/li.png","mini_size":"https://flagcdn.com/128x96/li.png","correct":"Liechtenstein","incorrects":["Micronesia","United States Virgin Islands","British Indian Ocean Territory"],"url":"/liechtenstein"},{"default_size":"https://flagcdn.com/256x192/lt.png","mini_size":"https://flagcdn.com/128x96/lt.png","correct":"Lithuania","incorrects":["Tonga","Suriname","Ghana"],"url":"/lithuania"},{"default_size":"https://flagcdn.com/256x192/lu.png","mini_size":"https://flagcdn.com/128x96/lu.png","correct":"Luxembourg","incorrects":["Montenegro","Norfolk Island","Kuwait"],"url":"/luxembourg"},{"default_size":"https://flagcdn.com/256x192/mt.png","mini_size":"https://flagcdn.com/128x96/mt.png","correct":"Malta","incorrects":["Israel","Switzerland","Jordan"],"url":"/malta"},{"default_size":"https://flagcdn.com/256x192/md.png","mini_size":"https://flagcdn.com/128x96/md.png","correct":"Moldova","incorrects":["Puerto Rico","Japan","Laos"],"url":"/moldova"},{"default_size":"https://flagcdn.com/256x192/mc.png","mini_size":"https://flagcdn.com/128x96/mc.png","correct":"Monaco","incorrects":["Saint Lucia","Western Sahara","Egypt"],"url":"/monaco"},{"default_size":"https://flagcdn.com/256x192/me.png","mini_size":"https://flagcdn.com/128x96/me.png","correct":"Montenegro","incorrects":["Bahamas","San Marino","Switzerland"],"url":"/montenegro"},{"default_size":"https://flagcdn.com/256x192/nl.png","mini_size":"https://flagcdn.com/128x96/nl.png","correct":"Netherlands","incorrects":["Canada","New Caledonia","Italy"],"url":"/the-netherlands"},{"default_size":"https://flagcdn.com/256x192/mk.png","mini_size":"https://flagcdn.com/128x96/mk.png","correct":"North Macedonia","incorrects":["Eritrea","Croatia","Nepal"],"url":"/macedonia"},{"default_size":"https://flagcdn.com/256x192/no.png","mini_size":"https://flagcdn.com/128x96/no.png","correct":"Norway","incorrects":["Kosovo","Micronesia","Uruguay"],"url":"/norway"},{"default_size":"https://flagcdn.com/256x192/pl.png","mini_size":"https://flagcdn.com/128x96/pl.png","correct":"Poland","incorrects":["Brunei","Djibouti","Djibouti"],"url":"/poland"},{"default_size":"https://flagcdn.com/256x192/pt.png","mini_size":"https://flagcdn.com/128x96/pt.png","correct":"Portugal","incorrects":["Palau","Mongolia","Suriname"],"url":"/portugal"},{"default_size":"https://flagcdn.com/256x192/ro.png","mini_size":"https://flagcdn.com/128x96/ro.png","correct":"Romania","incorrects":["Montserrat","Panama","Tajikistan"],"url":"/romania"},{"default_size":"https://flagcdn.com/256x192/ru.png","mini_size":"https://flagcdn.com/128x96/ru.png","correct":"Russia","incorrects":["Nepal","Tajikistan","Guadeloupe"],"url":"/russia"},{"default_size":"https://flagcdn.com/256x192/sm.png","mini_size":"https://flagcdn.com/128x96/sm.png","correct":"San Marino","incorrects":["Serbia","Liberia","Niger"],"url":"/san-marino"},{"default_size":"https://flagcdn.com/256x192/rs.png","mini_size":"https://flagcdn.com/128x96/rs.png","correct":"Serbia","incorrects":["Chad","Cambodia","Belgium"],"url":"/serbia"},{"default_size":"https://flagcdn.com/256x192/sk.png","mini_size":"https://flagcdn.com/128x96/sk.png","correct":"Slovakia","incorrects":["Montserrat","North Korea","New Caledonia"],"url":"/slovakia"},{"default_size":"https://flagcdn.com/256x192/si.png","mini_size":"https://flagcdn.com/128x96/si.png","correct":"Slovenia","incorrects":["Turkey","New Zealand","Fiji"],"url":"/slovenia"},{"default_size":"https://flagcdn.com/256x192/es.png","mini_size":"https://flagcdn.com/128x96/es.png","correct":"Spain","incorrects":["Zimbabwe","Guyana","Kuwait"],"url":"/spain"},{"default_size":"https://flagcdn.com/256x192/sj.png","mini_size":"https://flagcdn.com/128x96/sj.png","correct":"Svalbard and Jan Mayen","incorrects":["Burkina Faso","India","Indonesia"],"url":"/svalbard-and-jan-mayen"},{"default_size":"https://flagcdn.com/256x192/se.png","mini_size":"https://flagcdn.com/128x96/se.png","correct":"Sweden","incorrects":["Cyprus","Egypt","Seychelles"],"url":"/sweden"},{"default_size":"https://flagcdn.com/256x192/ch.png","mini_size":"https://flagcdn.com/128x96/ch.png","correct":"Switzerland","incorrects":["Hungary","Palestine","Turkey"],"url":"/switzerland"},{"default_size":"https://flagcdn.com/256x192/tr.png","mini_size":"https://flagcdn.com/128x96/tr.png","correct":"Turkey","incorrects":["Saint Barthélemy","Spain","Uzbekistan"],"url":"/turkey"},{"default_size":"https://flagcdn.com/256x192/ua.png","mini_size":"https://flagcdn.com/128x96/ua.png","correct":"Ukraine","incorrects":["Bermuda","Ghana","Samoa"],"url":"/ukraine"},{"default_size":"https://flagcdn.com/256x192/gb.png","mini_size":"https://flagcdn.com/128x96/gb.png","correct":"United Kingdom","incorrects":["Turkmenistan","Guyana","Vietnam"],"url":"/the-united-kingdom"},{"default_size":"https://flagcdn.com/256x192/va.png","mini_size":"https://flagcdn.com/128x96/va.png","correct":"Vatican City","incorrects":["Israel","Palau","Singapore"],"url":"/the-vatican-city"},{"default_size":"https://flagcdn.com/256x192/ai.png","mini_size":"https://flagcdn.com/128x96/ai.png","correct":"Anguilla","incorrects":["American Samoa","Barbados","United Arab Emirates"],"url":"/anguilla"},{"default_size":"https://flagcdn.com/256x192/ag.png","mini_size":"https://flagcdn.com/128x96/ag.png","correct":"Antigua and Barbuda","incorrects":["Saint Pierre and Miquelon","Wallis and Futuna","Brazil"],"url":"/antigua-and-barbuda"},{"default_size":"https://flagcdn.com/256x192/aw.png","mini_size":"https://flagcdn.com/128x96/aw.png","correct":"Aruba","incorrects":["Vanuatu","Saint Lucia","Ghana"],"url":"/aruba"},{"default_size":"https://flagcdn.com/256x192/bs.png","mini_size":"https://flagcdn.com/128x96/bs.png","correct":"Bahamas","incorrects":["Chile","Republic of the Congo","Singapore"],"url":"/the-bahamas"},{"default_size":"https://flagcdn.com/256x192/bb.png","mini_size":"https://flagcdn.com/128x96/bb.png","correct":"Barbados","incorrects":["Curaçao","Kuwait","Comoros"],"url":"/barbados"},{"default_size":"https://flagcdn.com/256x192/bz.png","mini_size":"https://flagcdn.com/128x96/bz.png","correct":"Belize","incorrects":["Slovenia","Chad","Haiti"],"url":"/belize"},{"default_size":"https://flagcdn.com/256x192/bm.png","mini_size":"https://flagcdn.com/128x96/bm.png","correct":"Bermuda","incorrects":["Lebanon","Serbia","Argentina"],"url":"/bermuda"},{"default_size":"https://flagcdn.com/256x192/ca.png","mini_size":"https://flagcdn.com/128x96/ca.png","correct":"Canada","incorrects":["Afghanistan","Azerbaijan","Mali"],"url":"/canada"},{"default_size":"https://flagcdn.com/256x192/bq.png","mini_size":"https://flagcdn.com/128x96/bq.png","correct":"Caribbean Netherlands","incorrects":["Rwanda","Greece","Iceland"],"url":"/caribbean-netherlands"},{"default_size":"https://flagcdn.com/256x192/ky.png","mini_size":"https://flagcdn.com/128x96/ky.png","correct":"Cayman Islands","incorrects":["Samoa","Canada","Kuwait"],"url":"/cayman-islands"},{"default_size":"https://flagcdn.com/256x192/cr.png","mini_size":"https://flagcdn.com/128x96/cr.png","correct":"Costa Rica","incorrects":["Algeria","Egypt","Jersey"],"url":"/costa-rica"},{"default_size":"https://flagcdn.com/256x192/cu.png","mini_size":"https://flagcdn.com/128x96/cu.png","correct":"Cuba","incorrects":["Madagascar","Mayotte","South Korea"],"url":"/cuba"},{"default_size":"https://flagcdn.com/256x192/cw.png","mini_size":"https://flagcdn.com/128x96/cw.png","correct":"Curaçao","incorrects":["Myanmar","Jordan","Burkina Faso"],"url":"/curacao"},{"default_size":"https://flagcdn.com/256x192/dm.png","mini_size":"https://flagcdn.com/128x96/dm.png","correct":"Dominica","incorrects":["Svalbard and Jan Mayen","Anguilla","Bahamas"],"url":"/dominica"},{"default_size":"https://flagcdn.com/256x192/do.png","mini_size":"https://flagcdn.com/128x96/do.png","correct":"Dominican Republic","incorrects":["Luxembourg","Timor-Leste","Saudi Arabia"],"url":"/the-dominican-republic"},{"default_size":"https://flagcdn.com/256x192/sv.png","mini_size":"https://flagcdn.com/128x96/sv.png","correct":"El Salvador","incorrects":["Cameroon","United States Virgin Islands","Nicaragua"],"url":"/el-salvador"},{"default_size":"https://flagcdn.com/256x192/gl.png","mini_size":"https://flagcdn.com/128x96/gl.png","correct":"Greenland","incorrects":["Philippines","Puerto Rico","Barbados"],"url":"/greenland"},{"default_size":"https://flagcdn.com/256x192/gd.png","mini_size":"https://flagcdn.com/128x96/gd.png","correct":"Grenada","incorrects":["Bhutan","Canada","Albania"],"url":"/grenada"},{"default_size":"https://flagcdn.com/256x192/gp.png","mini_size":"https://flagcdn.com/128x96/gp.png","correct":"Guadeloupe","incorrects":["Micronesia","Norfolk Island","Denmark"],"url":"/guadeloupe"},{"default_size":"https://flagcdn.com/256x192/gt.png","mini_size":"https://flagcdn.com/128x96/gt.png","correct":"Guatemala","incorrects":["Lebanon","Egypt","Malta"],"url":"/guatemala"},{"default_size":"https://flagcdn.com/256x192/ht.png","mini_size":"https://flagcdn.com/128x96/ht.png","correct":"Haiti","incorrects":["India","Gabon","Montserrat"],"url":"/haiti"},{"default_size":"https://flagcdn.com/256x192/hn.png","mini_size":"https://flagcdn.com/128x96/hn.png","correct":"Honduras","incorrects":["Laos","Ireland","Lebanon"],"url":"/honduras"},{"default_size":"https://flagcdn.com/256x192/jm.png","mini_size":"https://flagcdn.com/128x96/jm.png","correct":"Jamaica","incorrects":["Guinea-Bissau","DR Congo","Christmas Island"],"url":"/jamaica"},{"default_size":"https://flagcdn.com/256x192/mq.png","mini_size":"https://flagcdn.com/128x96/mq.png","correct":"Martinique","incorrects":["United Arab Emirates","El Salvador","Myanmar"],"url":"/martinique"},{"default_size":"https://flagcdn.com/256x192/mx.png","mini_size":"https://flagcdn.com/128x96/mx.png","correct":"Mexico","incorrects":["Ghana","Côte d'Ivoire","Ghana"],"url":"/mexico"},{"default_size":"https://flagcdn.com/256x192/ms.png","mini_size":"https://flagcdn.com/128x96/ms.png","correct":"Montserrat","incorrects":["Bhutan","Armenia","Uzbekistan"],"url":"/montserrat"},{"default_size":"https://flagcdn.com/256x192/ni.png","mini_size":"https://flagcdn.com/128x96/ni.png","correct":"Nicaragua","incorrects":["Lithuania","Romania","Equatorial Guinea"],"url":"/nicaragua"},{"default_size":"https://flagcdn.com/256x192/pa.png","mini_size":"https://flagcdn.com/128x96/pa.png","correct":"Panama","incorrects":["Cayman Islands","Saint Kitts and Nevis","Christmas Island"],"url":"/panama"},{"default_size":"https://flagcdn.com/256x192/pr.png","mini_size":"https://flagcdn.com/128x96/pr.png","correct":"Puerto Rico","incorrects":["Azerbaijan","Norway","Moldova"],"url":"/puerto-rico"},{"default_size":"https://flagcdn.com/256x192/bl.png","mini_size":"https://flagcdn.com/128x96/bl.png","correct":"Saint Barthélemy","incorrects":["Myanmar","Christmas Island","Zambia"],"url":"/saint-barthelemy"},{"default_size":"https://flagcdn.com/256x192/kn.png","mini_size":"https://flagcdn.com/128x96/kn.png","correct":"Saint Kitts and Nevis","incorrects":["Senegal","Qatar","Guyana"],"url":"/saint-kitts-and-nevis"},{"default_size":"https://flagcdn.com/256x192/lc.png","mini_size":"https://flagcdn.com/128x96/lc.png","correct":"Saint Lucia","incorrects":["Tokelau","Guadeloupe","United States"],"url":"/saint-lucia"},{"default_size":"https://flagcdn.com/256x192/mf.png","mini_size":"https://flagcdn.com/128x96/mf.png","correct":"Saint Martin","incorrects":["Kazakhstan","Papua New Guinea","Malawi"],"url":"/saint-martin"},{"default_size":"https://flagcdn.com/256x192/pm.png","mini_size":"https://flagcdn.com/128x96/pm.png","correct":"Saint Pierre and Miquelon","incorrects":["Western Sahara","Anguilla","Slovenia"],"url":"/saint-pierre-and-miquelon"},{"default_size":"https://flagcdn.com/256x192/vc.png","mini_size":"https://flagcdn.com/128x96/vc.png","correct":"Saint Vincent and the Grenadines","incorrects":["Saint Kitts and Nevis","Austria","Papua New Guinea"],"url":"/saint-vincent-and-the-grenadines"},{"default_size":"https://flagcdn.com/256x192/sx.png","mini_size":"https://flagcdn.com/128x96/sx.png","correct":"Sint Maarten","incorrects":["DR Congo","Honduras","Switzerland"],"url":"/sint-maarten"},{"default_size":"https://flagcdn.com/256x192/tc.png","mini_size":"https://flagcdn.com/128x96/tc.png","correct":"Turks and Caicos Islands","incorrects":["Sint Maarten","Afghanistan","Burundi"],"url":"/turks-and-caicos-islands"},{"default_size":"https://flagcdn.com/256x192/us.png","mini_size":"https://flagcdn.com/128x96/us.png","correct":"United States","incorrects":["Netherlands","Peru","Montenegro"],"url":"/the-united-states"},{"default_size":"https://flagcdn.com/256x192/um.png","mini_size":"https://flagcdn.com/128x96/um.png","correct":"United States Minor Outlying Islands","incorrects":["Canada","Puerto Rico","Argentina"],"url":"/united-states-minor-outlying-islands"},{"default_size":"https://flagcdn.com/256x192/vg.png","mini_size":"https://flagcdn.com/128x96/vg.png","correct":"British Virgin Islands","incorrects":["India","Falkland Islands","Kosovo"],"url":"/british-virgin-islands"},{"default_size":"https://flagcdn.com/256x192/vi.png","mini_size":"https://flagcdn.com/128x96/vi.png","correct":"United States Virgin Islands","incorrects":["Ecuador","Sudan","Bhutan"],"url":"/united-states-virgin-islands"},{"default_size":"https://flagcdn.com/256x192/as.png","mini_size":"https://flagcdn.com/128x96/as.png","correct":"American Samoa","incorrects":["Saudi Arabia","Honduras","Yemen"],"url":"/american-samoa"},{"default_size":"https://flagcdn.com/256x192/au.png","mini_size":"https://flagcdn.com/128x96/au.png","correct":"Australia","incorrects":["Indonesia","Chad","Serbia"],"url":"/australia"},{"default_size":"https://flagcdn.com/256x192/cx.png","mini_size":"https://flagcdn.com/128x96/cx.png","correct":"Christmas Island","incorrects":["Netherlands","South Africa","Tanzania"],"url":"/christmas-island"},{"default_size":"https://flagcdn.com/256x192/cc.png","mini_size":"https://flagcdn.com/128x96/cc.png","correct":"Cocos Islands","incorrects":["French Guiana","Cyprus","Benin"],"url":"/cocos-islands"},{"default_size":"https://flagcdn.com/256x192/ck.png","mini_size":"https://flagcdn.com/128x96/ck.png","correct":"Cook Islands","incorrects":["India","Tunisia","Venezuela"],"url":"/cook-islands"},{"default_size":"https://flagcdn.com/256x192/fj.png","mini_size":"https://flagcdn.com/128x96/fj.png","correct":"Fiji","incorrects":["Belgium","Guinea-Bissau","Eswatini"],"url":"/fiji"},{"default_size":"https://flagcdn.com/256x192/pf.png","mini_size":"https://flagcdn.com/128x96/pf.png","correct":"French Polynesia","incorrects":["Niue","Mauritius","British Virgin Islands"],"url":"/french-polynesia"},{"default_size":"https://flagcdn.com/256x192/gu.png","mini_size":"https://flagcdn.com/128x96/gu.png","correct":"Guam","incorrects":["Colombia","Belgium","Romania"],"url":"/guam"},{"default_size":"https://flagcdn.com/256x192/id.png","mini_size":"https://flagcdn.com/128x96/id.png","correct":"Indonesia","incorrects":["DR Congo","Israel","Nicaragua"],"url":"/indonesia"},{"default_size":"https://flagcdn.com/256x192/ki.png","mini_size":"https://flagcdn.com/128x96/ki.png","correct":"Kiribati","incorrects":["Honduras","Myanmar","Guinea-Bissau"],"url":"/kiribati"},{"default_size":"https://flagcdn.com/256x192/mh.png","mini_size":"https://flagcdn.com/128x96/mh.png","correct":"Marshall Islands","incorrects":["Australia","Cook Islands","Oman"],"url":"/the-marshall-islands"},{"default_size":"https://flagcdn.com/256x192/fm.png","mini_size":"https://flagcdn.com/128x96/fm.png","correct":"Micronesia","incorrects":["South Sudan","DR Congo","Papua New Guinea"],"url":"/micronesia"},{"default_size":"https://flagcdn.com/256x192/nr.png","mini_size":"https://flagcdn.com/128x96/nr.png","correct":"Nauru","incorrects":["Latvia","Armenia","Myanmar"],"url":"/nauru"},{"default_size":"https://flagcdn.com/256x192/nc.png","mini_size":"https://flagcdn.com/128x96/nc.png","correct":"New Caledonia","incorrects":["Mexico","Estonia","Colombia"],"url":"/new-caledonia"},{"default_size":"https://flagcdn.com/256x192/nz.png","mini_size":"https://flagcdn.com/128x96/nz.png","correct":"New Zealand","incorrects":["Japan","Denmark","Angola"],"url":"/new-zealand"},{"default_size":"https://flagcdn.com/256x192/nu.png","mini_size":"https://flagcdn.com/128x96/nu.png","correct":"Niue","incorrects":["Cyprus","Canada","Australia"],"url":"/niue"},{"default_size":"https://flagcdn.com/256x192/nf.png","mini_size":"https://flagcdn.com/128x96/nf.png","correct":"Norfolk Island","incorrects":["Ethiopia","Qatar","Lesotho"],"url":"/norfolk-island"},{"default_size":"https://flagcdn.com/256x192/mp.png","mini_size":"https://flagcdn.com/128x96/mp.png","correct":"Northern Mariana Islands","incorrects":["Isle of Man","Saint Vincent and the Grenadines","United States"],"url":"/northern-mariana-islands"},{"default_size":"https://flagcdn.com/256x192/pw.png","mini_size":"https://flagcdn.com/128x96/pw.png","correct":"Palau","incorrects":["Kuwait","Angola","Mexico"],"url":"/palau"},{"default_size":"https://flagcdn.com/256x192/pg.png","mini_size":"https://flagcdn.com/128x96/pg.png","correct":"Papua New Guinea","incorrects":["Kosovo","Vatican City","Seychelles"],"url":"/papua-new-guinea"},{"default_size":"https://flagcdn.com/256x192/pn.png","mini_size":"https://flagcdn.com/128x96/pn.png","correct":"Pitcairn Islands","incorrects":["Poland","Saint Pierre and Miquelon","Timor-Leste"],"url":"/pitcairn-islands"},{"default_size":"https://flagcdn.com/256x192/ws.png","mini_size":"https://flagcdn.com/128x96/ws.png","correct":"Samoa","incorrects":["DR Congo","Bangladesh","Bahrain"],"url":"/samoa"},{"default_size":"https://flagcdn.com/256x192/sb.png","mini_size":"https://flagcdn.com/128x96/sb.png","correct":"Solomon Islands","incorrects":["Israel","Cook Islands","American Samoa"],"url":"/the-solomon-islands"},{"default_size":"https://flagcdn.com/256x192/tk.png","mini_size":"https://flagcdn.com/128x96/tk.png","correct":"Tokelau","incorrects":["Saint Martin","Bolivia","Jamaica"],"url":"/tokelau"},{"default_size":"https://flagcdn.com/256x192/to.png","mini_size":"https://flagcdn.com/128x96/to.png","correct":"Tonga","incorrects":["Saint Kitts and Nevis","Saint Vincent and the Grenadines","Réunion"],"url":"/tonga"},{"default_size":"https://flagcdn.com/256x192/tv.png","mini_size":"https://flagcdn.com/128x96/tv.png","correct":"Tuvalu","incorrects":["Wallis and Futuna","Mexico","Indonesia"],"url":"/tuvalu"},{"default_size":"https://flagcdn.com/256x192/vu.png","mini_size":"https://flagcdn.com/128x96/vu.png","correct":"Vanuatu","incorrects":["Nigeria","Northern Mariana Islands","Saint Lucia"],"url":"/vanuatu"},{"default_size":"https://flagcdn.com/256x192/wf.png","mini_size":"https://flagcdn.com/128x96/wf.png","correct":"Wallis and Futuna","incorrects":["Slovenia","Ethiopia","Tokelau"],"url":"/wallis-and-futuna"},{"default_size":"https://flagcdn.com/256x192/ar.png","mini_size":"https://flagcdn.com/128x96/ar.png","correct":"Argentina","incorrects":["Belgium","Nepal","Croatia"],"url":"/argentina"},{"default_size":"https://flagcdn.com/256x192/bo.png","mini_size":"https://flagcdn.com/128x96/bo.png","correct":"Bolivia","incorrects":["Eswatini","Jordan","Australia"],"url":"/bolivia"},{"default_size":"https://flagcdn.com/256x192/br.png","mini_size":"https://flagcdn.com/128x96/br.png","correct":"Brazil","incorrects":["Madagascar","Kiribati","Ireland"],"url":"/brazil"},{"default_size":"https://flagcdn.com/256x192/cl.png","mini_size":"https://flagcdn.com/128x96/cl.png","correct":"Chile","incorrects":["Dominican Republic","Uruguay","Japan"],"url":"/chile"},{"default_size":"https://flagcdn.com/256x192/co.png","mini_size":"https://flagcdn.com/128x96/co.png","correct":"Colombia","incorrects":["Nicaragua","New Caledonia","Greece"],"url":"/colombia"},{"default_size":"https://flagcdn.com/256x192/ec.png","mini_size":"https://flagcdn.com/128x96/ec.png","correct":"Ecuador","incorrects":["Italy","Tajikistan","Myanmar"],"url":"/ecuador"},{"default_size":"https://flagcdn.com/256x192/fk.png","mini_size":"https://flagcdn.com/128x96/fk.png","correct":"Falkland Islands","incorrects":["Maldives","Cape Verde","Nigeria"],"url":"/falkland-islands"},{"default_size":"https://flagcdn.com/256x192/gf.png","mini_size":"https://flagcdn.com/128x96/gf.png","correct":"French Guiana","incorrects":["Moldova","Rwanda","Paraguay"],"url":"/french-guiana"},{"default_size":"https://flagcdn.com/256x192/gy.png","mini_size":"https://flagcdn.com/128x96/gy.png","correct":"Guyana","incorrects":["Turkmenistan","Czechia","Fiji"],"url":"/guyana"},{"default_size":"https://flagcdn.com/256x192/py.png","mini_size":"https://flagcdn.com/128x96/py.png","correct":"Paraguay","incorrects":["Kosovo","Ghana","Philippines"],"url":"/paraguay"},{"default_size":"https://flagcdn.com/256x192/pe.png","mini_size":"https://flagcdn.com/128x96/pe.png","correct":"Peru","incorrects":["American Samoa","Lithuania","United States"],"url":"/peru"},{"default_size":"https://flagcdn.com/256x192/sr.png","mini_size":"https://flagcdn.com/128x96/sr.png","correct":"Suriname","incorrects":["Gabon","Nicaragua","Bermuda"],"url":"/suriname"},{"default_size":"https://flagcdn.com/256x192/tt.png","mini_size":"https://flagcdn.com/128x96/tt.png","correct":"Trinidad and Tobago","incorrects":["Qatar","Senegal","Papua New Guinea"],"url":"/trinidad-and-tobago"},{"default_size":"https://flagcdn.com/256x192/uy.png","mini_size":"https://flagcdn.com/128x96/uy.png","correct":"Uruguay","incorrects":["Cuba","Palau","Montserrat"],"url":"/uruguay"},{"default_size":"https://flagcdn.com/256x192/ve.png","mini_size":"https://flagcdn.com/128x96/ve.png","correct":"Venezuela","incorrects":["Saint Helena, Ascension and Tristan da Cunha","Burkina Faso","Republic of the Congo"],"url":"/venezuela"}]