[{"default_size":"https://flagcdn.com/256x192/ax.png","mini_size":"https://flagcdn.com/128x96/ax.png","correct":"Åland Islands","incorrects":["Finland","Bosnia and Herzegovina","Belgium"],"url":"/aland-islands"},{"default_size":"https://flagcdn.com/256x192/al.png","mini_size":"https://flagcdn.com/128x96/al.png","correct":"Albania","incorrects":["Netherlands","Denmark","Switzerland"],"url":"/albania"},{"default_size":"https://flagcdn.com/256x192/ad.png","mini_size":"https://flagcdn.com/128x96/ad.png","correct":"Andorra","incorrects":["Slovakia","Isle of Man","United Kingdom"],"url":"/andorra"},{"default_size":"https://flagcdn.com/256x192/at.png","mini_size":"https://flagcdn.com/128x96/at.png","correct":"Austria","incorrects":["Ukraine","Bosnia and Herzegovina","Czechia"],"url":"/austria"},{"default_size":"https://flagcdn.com/256x192/by.png","mini_size":"https://flagcdn.com/128x96/by.png","correct":"Belarus","incorrects":["Sweden","Slovenia","Serbia"],"url":"/belarus"},{"default_size":"https://flagcdn.com/256x192/be.png","mini_size":"https://flagcdn.com/128x96/be.png","correct":"Belgium","incorrects":["Ireland","Montenegro","Norway"],"url":"/belgium"},{"default_size":"https://flagcdn.com/256x192/ba.png","mini_size":"https://flagcdn.com/128x96/ba.png","correct":"Bosnia and Herzegovina","incorrects":["North Macedonia","Jersey","Luxembourg"],"url":"/bosnia-and-herzegovina"},{"default_size":"https://flagcdn.com/256x192/bg.png","mini_size":"https://flagcdn.com/128x96/bg.png","correct":"Bulgaria","incorrects":["Greece","Norway","Greece"],"url":"/bulgaria"},{"default_size":"https://flagcdn.com/256x192/hr.png","mini_size":"https://flagcdn.com/128x96/hr.png","correct":"Croatia","incorrects":["Faroe Islands","Svalbard and Jan Mayen","Romania"],"url":"/croatia"},{"default_size":"https://flagcdn.com/256x192/cy.png","mini_size":"https://flagcdn.com/128x96/cy.png","correct":"Cyprus","incorrects":["Austria","Switzerland","Romania"],"url":"/cyprus"},{"default_size":"https://flagcdn.com/256x192/cz.png","mini_size":"https://flagcdn.com/128x96/cz.png","correct":"Czechia","incorrects":["Malta","Hungary","Slovenia"],"url":"/the-czech-republic"},{"default_size":"https://flagcdn.com/256x192/dk.png","mini_size":"https://flagcdn.com/128x96/dk.png","correct":"Denmark","incorrects":["Lithuania","Slovakia","Vatican City"],"url":"/denmark"},{"default_size":"https://flagcdn.com/256x192/ee.png","mini_size":"https://flagcdn.com/128x96/ee.png","correct":"Estonia","incorrects":["Luxembourg","Norway","Norway"],"url":"/estonia"},{"default_size":"https://flagcdn.com/256x192/fo.png","mini_size":"https://flagcdn.com/128x96/fo.png","correct":"Faroe Islands","incorrects":["Germany","Portugal","Monaco"],"url":"/faroe-islands"},{"default_size":"https://flagcdn.com/256x192/fi.png","mini_size":"https://flagcdn.com/128x96/fi.png","correct":"Finland","incorrects":["Cyprus","Svalbard and Jan Mayen","Germany"],"url":"/finland"},{"default_size":"https://flagcdn.com/256x192/fr.png","mini_size":"https://flagcdn.com/128x96/fr.png","correct":"France","incorrects":["Guernsey","Spain","Montenegro"],"url":"/france"},{"default_size":"https://flagcdn.com/256x192/de.png","mini_size":"https://flagcdn.com/128x96/de.png","correct":"Germany","incorrects":["Portugal","Slovenia","France"],"url":"/germany"},{"default_size":"https://flagcdn.com/256x192/gi.png","mini_size":"https://flagcdn.com/128x96/gi.png","correct":"Gibraltar","incorrects":["Switzerland","Poland","Svalbard and Jan Mayen"],"url":"/gibraltar"},{"default_size":"https://flagcdn.com/256x192/gr.png","mini_size":"https://flagcdn.com/128x96/gr.png","correct":"Greece","incorrects":["Luxembourg","Bosnia and Herzegovina","Hungary"],"url":"/greece"},{"default_size":"https://flagcdn.com/256x192/gg.png","mini_size":"https://flagcdn.com/128x96/gg.png","correct":"Guernsey","incorrects":["Ireland","Luxembourg","Czechia"],"url":"/guernsey"},{"default_size":"https://flagcdn.com/256x192/hu.png","mini_size":"https://flagcdn.com/128x96/hu.png","correct":"Hungary","incorrects":["Netherlands","Liechtenstein","San Marino"],"url":"/hungary"},{"default_size":"https://flagcdn.com/256x192/is.png","mini_size":"https://flagcdn.com/128x96/is.png","correct":"Iceland","incorrects":["France","Latvia","Monaco"],"url":"/iceland"},{"default_size":"https://flagcdn.com/256x192/ie.png","mini_size":"https://flagcdn.com/128x96/ie.png","correct":"Ireland","incorrects":["Slovakia","Moldova","Liechtenstein"],"url":"/ireland"},{"default_size":"https://flagcdn.com/256x192/im.png","mini_size":"https://flagcdn.com/128x96/im.png","correct":"Isle of Man","incorrects":["Greece","Åland Islands","San Marino"],"url":"/isle-of-man"},{"default_size":"https://flagcdn.com/256x192/it.png","mini_size":"https://flagcdn.com/128x96/it.png","correct":"Italy","incorrects":["Croatia","Jersey","Estonia"],"url":"/italy"},{"default_size":"https://flagcdn.com/256x192/je.png","mini_size":"https://flagcdn.com/128x96/je.png","correct":"Jersey","incorrects":["Malta","Moldova","Bosnia and Herzegovina"],"url":"/jersey"},{"default_size":"https://flagcdn.com/256x192/xk.png","mini_size":"https://flagcdn.com/128x96/xk.png","correct":"Kosovo","incorrects":["Cyprus","Hungary","Finland"],"url":"/kosovo"},{"default_size":"https://flagcdn.com/256x192/lv.png","mini_size":"https://flagcdn.com/128x96/lv.png","correct":"Latvia","incorrects":["Isle of Man","Ukraine","Malta"],"url":"/latvia"},{"default_size":"https://flagcdn.com/256x192/li.png","mini_size":"https://flagcdn.com/128x96/li.png","correct":"Liechtenstein","incorrects":["North Macedonia","Montenegro","Italy"],"url":"/liechtenstein"},{"default_size":"https://flagcdn.com/256x192/lt.png","mini_size":"https://flagcdn.com/128x96/lt.png","correct":"Lithuania","incorrects":["Romania","Bulgaria","Italy"],"url":"/lithuania"},{"default_size":"https://flagcdn.com/256x192/lu.png","mini_size":"https://flagcdn.com/128x96/lu.png","correct":"Luxembourg","incorrects":["Hungary","Finland","Switzerland"],"url":"/luxembourg"},{"default_size":"https://flagcdn.com/256x192/mt.png","mini_size":"https://flagcdn.com/128x96/mt.png","correct":"Malta","incorrects":["Bosnia and Herzegovina","Belgium","Croatia"],"url":"/malta"},{"default_size":"https://flagcdn.com/256x192/md.png","mini_size":"https://flagcdn.com/128x96/md.png","correct":"Moldova","incorrects":["Slovakia","United Kingdom","North Macedonia"],"url":"/moldova"},{"default_size":"https://flagcdn.com/256x192/mc.png","mini_size":"https://flagcdn.com/128x96/mc.png","correct":"Monaco","incorrects":["Bulgaria","Jersey","Luxembourg"],"url":"/monaco"},{"default_size":"https://flagcdn.com/256x192/me.png","mini_size":"https://flagcdn.com/128x96/me.png","correct":"Montenegro","incorrects":["Estonia","Norway","Austria"],"url":"/montenegro"},{"default_size":"https://flagcdn.com/256x192/nl.png","mini_size":"https://flagcdn.com/128x96/nl.png","correct":"Netherlands","incorrects":["Cyprus","Hungary","Montenegro"],"url":"/the-netherlands"},{"default_size":"https://flagcdn.com/256x192/mk.png","mini_size":"https://flagcdn.com/128x96/mk.png","correct":"North Macedonia","incorrects":["Albania","Cyprus","Albania"],"url":"/macedonia"},{"default_size":"https://flagcdn.com/256x192/no.png","mini_size":"https://flagcdn.com/128x96/no.png","correct":"Norway","incorrects":["Belgium","Portugal","Germany"],"url":"/norway"},{"default_size":"https://flagcdn.com/256x192/pl.png","mini_size":"https://flagcdn.com/128x96/pl.png","correct":"Poland","incorrects":["Luxembourg","Iceland","Moldova"],"url":"/poland"},{"default_size":"https://flagcdn.com/256x192/pt.png","mini_size":"https://flagcdn.com/128x96/pt.png","correct":"Portugal","incorrects":["Serbia","Jersey","North Macedonia"],"url":"/portugal"},{"default_size":"https://flagcdn.com/256x192/ro.png","mini_size":"https://flagcdn.com/128x96/ro.png","correct":"Romania","incorrects":["Ukraine","Turkey","Bulgaria"],"url":"/romania"},{"default_size":"https://flagcdn.com/256x192/ru.png","mini_size":"https://flagcdn.com/128x96/ru.png","correct":"Russia","incorrects":["Malta","North Macedonia","Andorra"],"url":"/russia"},{"default_size":"https://flagcdn.com/256x192/sm.png","mini_size":"https://flagcdn.com/128x96/sm.png","correct":"San Marino","incorrects":["Finland","Montenegro","Germany"],"url":"/san-marino"},{"default_size":"https://flagcdn.com/256x192/rs.png","mini_size":"https://flagcdn.com/128x96/rs.png","correct":"Serbia","incorrects":["Netherlands","United Kingdom","Russia"],"url":"/serbia"},{"default_size":"https://flagcdn.com/256x192/sk.png","mini_size":"https://flagcdn.com/128x96/sk.png","correct":"Slovakia","incorrects":["Lithuania","Jersey","Spain"],"url":"/slovakia"},{"default_size":"https://flagcdn.com/256x192/si.png","mini_size":"https://flagcdn.com/128x96/si.png","correct":"Slovenia","incorrects":["Slovakia","Slovakia","Switzerland"],"url":"/slovenia"},{"default_size":"https://flagcdn.com/256x192/es.png","mini_size":"https://flagcdn.com/128x96/es.png","correct":"Spain","incorrects":["Guernsey","Czechia","Sweden"],"url":"/spain"},{"default_size":"https://flagcdn.com/256x192/sj.png","mini_size":"https://flagcdn.com/128x96/sj.png","correct":"Svalbard and Jan Mayen","incorrects":["Åland Islands","Isle of Man","France"],"url":"/svalbard-and-jan-mayen"},{"default_size":"https://flagcdn.com/256x192/se.png","mini_size":"https://flagcdn.com/128x96/se.png","correct":"Sweden","incorrects":["France","Malta","Monaco"],"url":"/sweden"},{"default_size":"https://flagcdn.com/256x192/ch.png","mini_size":"https://flagcdn.com/128x96/ch.png","correct":"Switzerland","incorrects":["Spain","Greece","Svalbard and Jan Mayen"],"url":"/switzerland"},{"default_size":"https://flagcdn.com/256x192/tr.png","mini_size":"https://flagcdn.com/128x96/tr.png","correct":"Turkey","incorrects":["Malta","Portugal","Portugal"],"url":"/turkey"},{"default_size":"https://flagcdn.com/256x192/ua.png","mini_size":"https://flagcdn.com/128x96/ua.png","correct":"Ukraine","incorrects":["Cyprus","Spain","Montenegro"],"url":"/ukraine"},{"default_size":"https://flagcdn.com/256x192/gb.png","mini_size":"https://flagcdn.com/128x96/gb.png","correct":"United Kingdom","incorrects":["Belgium","Belarus","San Marino"],"url":"/the-united-kingdom"},{"default_size":"https://flagcdn.com/256x192/va.png","mini_size":"https://flagcdn.com/128x96/va.png","correct":"Vatican City","incorrects":["Finland","Serbia","United Kingdom"],"url":"/the-vatican-city"}]