[{"default_size":"https://flagcdn.com/256x192/dz.png","mini_size":"https://flagcdn.com/128x96/dz.png","correct":"Algeria","incorrects":["Northern Mariana Islands","Niue","Egypt"],"url":"/algeria"},{"default_size":"https://flagcdn.com/256x192/ao.png","mini_size":"https://flagcdn.com/128x96/ao.png","correct":"Angola","incorrects":["Wallis and Futuna","Niger","Cape Verde"],"url":"/angola"},{"default_size":"https://flagcdn.com/256x192/bj.png","mini_size":"https://flagcdn.com/128x96/bj.png","correct":"Benin","incorrects":["Maldives","Singapore","Ghana"],"url":"/benin"},{"default_size":"https://flagcdn.com/256x192/bw.png","mini_size":"https://flagcdn.com/128x96/bw.png","correct":"Botswana","incorrects":["Ghana","Macau","El Salvador"],"url":"/botswana"},{"default_size":"https://flagcdn.com/256x192/io.png","mini_size":"https://flagcdn.com/128x96/io.png","correct":"British Indian Ocean Territory","incorrects":["Libya","Sierra Leone","Mexico"],"url":"/british-indian-ocean-territory"},{"default_size":"https://flagcdn.com/256x192/bf.png","mini_size":"https://flagcdn.com/128x96/bf.png","correct":"Burkina Faso","incorrects":["Turkey","Vietnam","Greenland"],"url":"/burkina-faso"},{"default_size":"https://flagcdn.com/256x192/bi.png","mini_size":"https://flagcdn.com/128x96/bi.png","correct":"Burundi","incorrects":["Cyprus","Russia","Chad"],"url":"/burundi"},{"default_size":"https://flagcdn.com/256x192/cm.png","mini_size":"https://flagcdn.com/128x96/cm.png","correct":"Cameroon","incorrects":["Maldives","Afghanistan","Spain"],"url":"/cameroon"},{"default_size":"https://flagcdn.com/256x192/cv.png","mini_size":"https://flagcdn.com/128x96/cv.png","correct":"Cape Verde","incorrects":["Denmark","Bhutan","Trinidad and Tobago"],"url":"/cape-verde"},{"default_size":"https://flagcdn.com/256x192/cf.png","mini_size":"https://flagcdn.com/128x96/cf.png","correct":"Central African Republic","incorrects":["Dominican Republic","Argentina","Belize"],"url":"/the-central-african-republic"},{"default_size":"https://flagcdn.com/256x192/td.png","mini_size":"https://flagcdn.com/128x96/td.png","correct":"Chad","incorrects":["Fiji","Uganda","Argentina"],"url":"/chad"},{"default_size":"https://flagcdn.com/256x192/km.png","mini_size":"https://flagcdn.com/128x96/km.png","correct":"Comoros","incorrects":["Israel","Iran","Anguilla"],"url":"/the-comoros"},{"default_size":"https://flagcdn.com/256x192/cg.png","mini_size":"https://flagcdn.com/128x96/cg.png","correct":"Republic of the Congo","incorrects":["Syria","Oman","Spain"],"url":"/the-republic-of-the-congo"},{"default_size":"https://flagcdn.com/256x192/cd.png","mini_size":"https://flagcdn.com/128x96/cd.png","correct":"DR Congo","incorrects":["Niger","Wallis and Futuna","New Caledonia"],"url":"/the-democratic-republic-of-the-congo"},{"default_size":"https://flagcdn.com/256x192/ci.png","mini_size":"https://flagcdn.com/128x96/ci.png","correct":"Côte d'Ivoire","incorrects":["Macau","Chile","Guatemala"],"url":"/cote-d-ivoire"},{"default_size":"https://flagcdn.com/256x192/dj.png","mini_size":"https://flagcdn.com/128x96/dj.png","correct":"Djibouti","incorrects":["Turks and Caicos Islands","Liechtenstein","South Korea"],"url":"/djibouti"},{"default_size":"https://flagcdn.com/256x192/eg.png","mini_size":"https://flagcdn.com/128x96/eg.png","correct":"Egypt","incorrects":["Macau","Marshall Islands","Aruba"],"url":"/egypt"},{"default_size":"https://flagcdn.com/256x192/gq.png","mini_size":"https://flagcdn.com/128x96/gq.png","correct":"Equatorial Guinea","incorrects":["Somalia","Christmas Island","Afghanistan"],"url":"/equatorial-guinea"},{"default_size":"https://flagcdn.com/256x192/er.png","mini_size":"https://flagcdn.com/128x96/er.png","correct":"Eritrea","incorrects":["Jamaica","Estonia","Côte d'Ivoire"],"url":"/eritrea"},{"default_size":"https://flagcdn.com/256x192/sz.png","mini_size":"https://flagcdn.com/128x96/sz.png","correct":"Eswatini","incorrects":["Saint Helena, Ascension and Tristan da Cunha","Cyprus","Luxembourg"],"url":"/swaziland"},{"default_size":"https://flagcdn.com/256x192/et.png","mini_size":"https://flagcdn.com/128x96/et.png","correct":"Ethiopia","incorrects":["Martinique","Israel","Mayotte"],"url":"/ethiopia"},{"default_size":"https://flagcdn.com/256x192/ga.png","mini_size":"https://flagcdn.com/128x96/ga.png","correct":"Gabon","incorrects":["New Caledonia","Mexico","Cocos Islands"],"url":"/gabon"},{"default_size":"https://flagcdn.com/256x192/gm.png","mini_size":"https://flagcdn.com/128x96/gm.png","correct":"Gambia","incorrects":["Malta","Bermuda","Iran"],"url":"/the-gambia"},{"default_size":"https://flagcdn.com/256x192/gh.png","mini_size":"https://flagcdn.com/128x96/gh.png","correct":"Ghana","incorrects":["Bhutan","Timor-Leste","Turkey"],"url":"/ghana"},{"default_size":"https://flagcdn.com/256x192/gn.png","mini_size":"https://flagcdn.com/128x96/gn.png","correct":"Guinea","incorrects":["Uzbekistan","Belarus","Myanmar"],"url":"/guinea"},{"default_size":"https://flagcdn.com/256x192/gw.png","mini_size":"https://flagcdn.com/128x96/gw.png","correct":"Guinea-Bissau","incorrects":["Fiji","Anguilla","Trinidad and Tobago"],"url":"/guinea-bissau"},{"default_size":"https://flagcdn.com/256x192/ke.png","mini_size":"https://flagcdn.com/128x96/ke.png","correct":"Kenya","incorrects":["Gambia","Nicaragua","Saint Vincent and the Grenadines"],"url":"/kenya"},{"default_size":"https://flagcdn.com/256x192/ls.png","mini_size":"https://flagcdn.com/128x96/ls.png","correct":"Lesotho","incorrects":["Gibraltar","Cook Islands","Namibia"],"url":"/lesotho"},{"default_size":"https://flagcdn.com/256x192/lr.png","mini_size":"https://flagcdn.com/128x96/lr.png","correct":"Liberia","incorrects":["Burundi","Turkey","Lebanon"],"url":"/liberia"},{"default_size":"https://flagcdn.com/256x192/ly.png","mini_size":"https://flagcdn.com/128x96/ly.png","correct":"Libya","incorrects":["Saint Kitts and Nevis","Saint Vincent and the Grenadines","Chile"],"url":"/libya"},{"default_size":"https://flagcdn.com/256x192/mg.png","mini_size":"https://flagcdn.com/128x96/mg.png","correct":"Madagascar","incorrects":["Russia","Peru","Mayotte"],"url":"/madagascar"},{"default_size":"https://flagcdn.com/256x192/mw.png","mini_size":"https://flagcdn.com/128x96/mw.png","correct":"Malawi","incorrects":["Andorra","Namibia","Oman"],"url":"/malawi"},{"default_size":"https://flagcdn.com/256x192/ml.png","mini_size":"https://flagcdn.com/128x96/ml.png","correct":"Mali","incorrects":["Eritrea","Senegal","United States Minor Outlying Islands"],"url":"/mali"},{"default_size":"https://flagcdn.com/256x192/mr.png","mini_size":"https://flagcdn.com/128x96/mr.png","correct":"Mauritania","incorrects":["Burundi","Niue","Vietnam"],"url":"/mauritania"},{"default_size":"https://flagcdn.com/256x192/mu.png","mini_size":"https://flagcdn.com/128x96/mu.png","correct":"Mauritius","incorrects":["Slovenia","Marshall Islands","United States Minor Outlying Islands"],"url":"/mauritius"},{"default_size":"https://flagcdn.com/256x192/yt.png","mini_size":"https://flagcdn.com/128x96/yt.png","correct":"Mayotte","incorrects":["Saint Kitts and Nevis","Tonga","Micronesia"],"url":"/mayotte"},{"default_size":"https://flagcdn.com/256x192/ma.png","mini_size":"https://flagcdn.com/128x96/ma.png","correct":"Morocco","incorrects":["Guatemala","Lebanon","Brunei"],"url":"/morocco"},{"default_size":"https://flagcdn.com/256x192/mz.png","mini_size":"https://flagcdn.com/128x96/mz.png","correct":"Mozambique","incorrects":["Tajikistan","Italy","British Virgin Islands"],"url":"/mozambique"},{"default_size":"https://flagcdn.com/256x192/na.png","mini_size":"https://flagcdn.com/128x96/na.png","correct":"Namibia","incorrects":["Mozambique","Romania","Portugal"],"url":"/namibia"},{"default_size":"https://flagcdn.com/256x192/ne.png","mini_size":"https://flagcdn.com/128x96/ne.png","correct":"Niger","incorrects":["Chile","Mozambique","Armenia"],"url":"/niger"},{"default_size":"https://flagcdn.com/256x192/ng.png","mini_size":"https://flagcdn.com/128x96/ng.png","correct":"Nigeria","incorrects":["Cayman Islands","Taiwan","Botswana"],"url":"/nigeria"},{"default_size":"https://flagcdn.com/256x192/re.png","mini_size":"https://flagcdn.com/128x96/re.png","correct":"Réunion","incorrects":["Zimbabwe","Saint Pierre and Miquelon","Armenia"],"url":"/reunion"},{"default_size":"https://flagcdn.com/256x192/rw.png","mini_size":"https://flagcdn.com/128x96/rw.png","correct":"Rwanda","incorrects":["Cyprus","Indonesia","Taiwan"],"url":"/rwanda"},{"default_size":"https://flagcdn.com/256x192/sh.png","mini_size":"https://flagcdn.com/128x96/sh.png","correct":"Saint Helena, Ascension and Tristan da Cunha","incorrects":["Monaco","Sint Maarten","Portugal"],"url":"/saint-helena-ascension-and-tristan-da-cunha"},{"default_size":"https://flagcdn.com/256x192/st.png","mini_size":"https://flagcdn.com/128x96/st.png","correct":"São Tomé and Príncipe","incorrects":["Niue","Norway","Micronesia"],"url":"/sao-tome-and-principe"},{"default_size":"https://flagcdn.com/256x192/sn.png","mini_size":"https://flagcdn.com/128x96/sn.png","correct":"Senegal","incorrects":["Timor-Leste","Palau","Mauritius"],"url":"/senegal"},{"default_size":"https://flagcdn.com/256x192/sc.png","mini_size":"https://flagcdn.com/128x96/sc.png","correct":"Seychelles","incorrects":["DR Congo","Iran","Costa Rica"],"url":"/the-seychelles"},{"default_size":"https://flagcdn.com/256x192/sl.png","mini_size":"https://flagcdn.com/128x96/sl.png","correct":"Sierra Leone","incorrects":["Morocco","Bosnia and Herzegovina","Nepal"],"url":"/sierra-leone"},{"default_size":"https://flagcdn.com/256x192/so.png","mini_size":"https://flagcdn.com/128x96/so.png","correct":"Somalia","incorrects":["Bosnia and Herzegovina","Portugal","French Guiana"],"url":"/somalia"},{"default_size":"https://flagcdn.com/256x192/za.png","mini_size":"https://flagcdn.com/128x96/za.png","correct":"South Africa","incorrects":["Bulgaria","Wallis and Futuna","Greenland"],"url":"/south-africa"},{"default_size":"https://flagcdn.com/256x192/ss.png","mini_size":"https://flagcdn.com/128x96/ss.png","correct":"South Sudan","incorrects":["Luxembourg","Azerbaijan","Burundi"],"url":"/south-sudan"},{"default_size":"https://flagcdn.com/256x192/sd.png","mini_size":"https://flagcdn.com/128x96/sd.png","correct":"Sudan","incorrects":["Haiti","Pakistan","Mali"],"url":"/sudan"},{"default_size":"https://flagcdn.com/256x192/tz.png","mini_size":"https://flagcdn.com/128x96/tz.png","correct":"Tanzania","incorrects":["Uganda","Falkland Islands","Czechia"],"url":"/tanzania"},{"default_size":"https://flagcdn.com/256x192/tg.png","mini_size":"https://flagcdn.com/128x96/tg.png","correct":"Togo","incorrects":["Honduras","Malawi","South Korea"],"url":"/togo"},{"default_size":"https://flagcdn.com/256x192/tn.png","mini_size":"https://flagcdn.com/128x96/tn.png","correct":"Tunisia","incorrects":["El Salvador","Lebanon","Spain"],"url":"/tunisia"},{"default_size":"https://flagcdn.com/256x192/ug.png","mini_size":"https://flagcdn.com/128x96/ug.png","correct":"Uganda","incorrects":["Montenegro","South Korea","Japan"],"url":"/uganda"},{"default_size":"https://flagcdn.com/256x192/eh.png","mini_size":"https://flagcdn.com/128x96/eh.png","correct":"Western Sahara","incorrects":["Belarus","Thailand","South Sudan"],"url":"/western-sahara"},{"default_size":"https://flagcdn.com/256x192/zm.png","mini_size":"https://flagcdn.com/128x96/zm.png","correct":"Zambia","incorrects":["South Africa","San Marino","North Korea"],"url":"/zambia"},{"default_size":"https://flagcdn.com/256x192/zw.png","mini_size":"https://flagcdn.com/128x96/zw.png","correct":"Zimbabwe","incorrects":["Bermuda","Zambia","Nicaragua"],"url":"/zimbabwe"},{"default_size":"https://flagcdn.com/256x192/af.png","mini_size":"https://flagcdn.com/128x96/af.png","correct":"Afghanistan","incorrects":["Vietnam","Honduras","Latvia"],"url":"/afghanistan"},{"default_size":"https://flagcdn.com/256x192/am.png","mini_size":"https://flagcdn.com/128x96/am.png","correct":"Armenia","incorrects":["China","Colombia","Belgium"],"url":"/armenia"},{"default_size":"https://flagcdn.com/256x192/az.png","mini_size":"https://flagcdn.com/128x96/az.png","correct":"Azerbaijan","incorrects":["Myanmar","Saint Pierre and Miquelon","Ghana"],"url":"/azerbaijan"},{"default_size":"https://flagcdn.com/256x192/bh.png","mini_size":"https://flagcdn.com/128x96/bh.png","correct":"Bahrain","incorrects":["Morocco","Germany","Mauritania"],"url":"/bahrain"},{"default_size":"https://flagcdn.com/256x192/bd.png","mini_size":"https://flagcdn.com/128x96/bd.png","correct":"Bangladesh","incorrects":["United States Minor Outlying Islands","Jersey","Norway"],"url":"/bangladesh"},{"default_size":"https://flagcdn.com/256x192/bt.png","mini_size":"https://flagcdn.com/128x96/bt.png","correct":"Bhutan","incorrects":["Peru","Barbados","Solomon Islands"],"url":"/bhutan"},{"default_size":"https://flagcdn.com/256x192/bn.png","mini_size":"https://flagcdn.com/128x96/bn.png","correct":"Brunei","incorrects":["Rwanda","Venezuela","South Korea"],"url":"/brunei"},{"default_size":"https://flagcdn.com/256x192/kh.png","mini_size":"https://flagcdn.com/128x96/kh.png","correct":"Cambodia","incorrects":["United Arab Emirates","Martinique","Greece"],"url":"/cambodia"},{"default_size":"https://flagcdn.com/256x192/cn.png","mini_size":"https://flagcdn.com/128x96/cn.png","correct":"China","incorrects":["Malta","Georgia","Myanmar"],"url":"/the-people-s-republic-of-china"},{"default_size":"https://flagcdn.com/256x192/eg.png","mini_size":"https://flagcdn.com/128x96/eg.png","correct":"Egypt","incorrects":["Cocos Islands","Uganda","Austria"],"url":"/egypt"},{"default_size":"https://flagcdn.com/256x192/ge.png","mini_size":"https://flagcdn.com/128x96/ge.png","correct":"Georgia","incorrects":["United Arab Emirates","American Samoa","Grenada"],"url":"/georgia"},{"default_size":"https://flagcdn.com/256x192/hk.png","mini_size":"https://flagcdn.com/128x96/hk.png","correct":"Hong Kong","incorrects":["Greece","Bermuda","Taiwan"],"url":"/hong-kong"},{"default_size":"https://flagcdn.com/256x192/in.png","mini_size":"https://flagcdn.com/128x96/in.png","correct":"India","incorrects":["Côte d'Ivoire","Vatican City","Philippines"],"url":"/india"},{"default_size":"https://flagcdn.com/256x192/id.png","mini_size":"https://flagcdn.com/128x96/id.png","correct":"Indonesia","incorrects":["Greenland","Barbados","Madagascar"],"url":"/indonesia"},{"default_size":"https://flagcdn.com/256x192/ir.png","mini_size":"https://flagcdn.com/128x96/ir.png","correct":"Iran","incorrects":["Qatar","Trinidad and Tobago","Cameroon"],"url":"/iran"},{"default_size":"https://flagcdn.com/256x192/iq.png","mini_size":"https://flagcdn.com/128x96/iq.png","correct":"Iraq","incorrects":["Kyrgyzstan","Christmas Island","Sierra Leone"],"url":"/iraq"},{"default_size":"https://flagcdn.com/256x192/il.png","mini_size":"https://flagcdn.com/128x96/il.png","correct":"Israel","incorrects":["Libya","Montenegro","Nauru"],"url":"/israel"},{"default_size":"https://flagcdn.com/256x192/jp.png","mini_size":"https://flagcdn.com/128x96/jp.png","correct":"Japan","incorrects":["Greece","Saint Lucia","Thailand"],"url":"/japan"},{"default_size":"https://flagcdn.com/256x192/jo.png","mini_size":"https://flagcdn.com/128x96/jo.png","correct":"Jordan","incorrects":["Western Sahara","Northern Mariana Islands","Spain"],"url":"/jordan"},{"default_size":"https://flagcdn.com/256x192/kz.png","mini_size":"https://flagcdn.com/128x96/kz.png","correct":"Kazakhstan","incorrects":["Saint Lucia","Ethiopia","American Samoa"],"url":"/kazakhstan"},{"default_size":"https://flagcdn.com/256x192/kp.png","mini_size":"https://flagcdn.com/128x96/kp.png","correct":"North Korea","incorrects":["Australia","Vanuatu","Nigeria"],"url":"/north-korea"},{"default_size":"https://flagcdn.com/256x192/kr.png","mini_size":"https://flagcdn.com/128x96/kr.png","correct":"South Korea","incorrects":["French Polynesia","Spain","Guatemala"],"url":"/south-korea"},{"default_size":"https://flagcdn.com/256x192/kw.png","mini_size":"https://flagcdn.com/128x96/kw.png","correct":"Kuwait","incorrects":["Saint Kitts and Nevis","Mali","Norway"],"url":"/kuwait"},{"default_size":"https://flagcdn.com/256x192/kg.png","mini_size":"https://flagcdn.com/128x96/kg.png","correct":"Kyrgyzstan","incorrects":["Vanuatu","Slovakia","Belize"],"url":"/kyrgyzstan"},{"default_size":"https://flagcdn.com/256x192/la.png","mini_size":"https://flagcdn.com/128x96/la.png","correct":"Laos","incorrects":["Dominican Republic","Lithuania","Montenegro"],"url":"/laos"},{"default_size":"https://flagcdn.com/256x192/lb.png","mini_size":"https://flagcdn.com/128x96/lb.png","correct":"Lebanon","incorrects":["Tonga","Cook Islands","Australia"],"url":"/lebanon"},{"default_size":"https://flagcdn.com/256x192/mo.png","mini_size":"https://flagcdn.com/128x96/mo.png","correct":"Macau","incorrects":["Botswana","Gambia","Kosovo"],"url":"/macau"},{"default_size":"https://flagcdn.com/256x192/my.png","mini_size":"https://flagcdn.com/128x96/my.png","correct":"Malaysia","incorrects":["Guadeloupe","Guadeloupe","Greenland"],"url":"/malaysia"},{"default_size":"https://flagcdn.com/256x192/mv.png","mini_size":"https://flagcdn.com/128x96/mv.png","correct":"Maldives","incorrects":["Croatia","Guinea","Somalia"],"url":"/maldives"},{"default_size":"https://flagcdn.com/256x192/mn.png","mini_size":"https://flagcdn.com/128x96/mn.png","correct":"Mongolia","incorrects":["Senegal","Montserrat","Liberia"],"url":"/mongolia"},{"default_size":"https://flagcdn.com/256x192/mm.png","mini_size":"https://flagcdn.com/128x96/mm.png","correct":"Myanmar","incorrects":["Guinea-Bissau","Marshall Islands","Luxembourg"],"url":"/myanmar"},{"default_size":"https://flagcdn.com/256x192/np.png","mini_size":"https://flagcdn.com/128x96/np.png","correct":"Nepal","incorrects":["Gambia","New Zealand","Chad"],"url":"/nepal"},{"default_size":"https://flagcdn.com/256x192/om.png","mini_size":"https://flagcdn.com/128x96/om.png","correct":"Oman","incorrects":["British Virgin Islands","Malaysia","Mexico"],"url":"/oman"},{"default_size":"https://flagcdn.com/256x192/pk.png","mini_size":"https://flagcdn.com/128x96/pk.png","correct":"Pakistan","incorrects":["South Africa","Cuba","Cuba"],"url":"/pakistan"},{"default_size":"https://flagcdn.com/256x192/ps.png","mini_size":"https://flagcdn.com/128x96/ps.png","correct":"Palestine","incorrects":["Liechtenstein","Albania","Egypt"],"url":"/palestine"},{"default_size":"https://flagcdn.com/256x192/ph.png","mini_size":"https://flagcdn.com/128x96/ph.png","correct":"Philippines","incorrects":["Nigeria","Tajikistan","United Kingdom"],"url":"/the-philippines"},{"default_size":"https://flagcdn.com/256x192/qa.png","mini_size":"https://flagcdn.com/128x96/qa.png","correct":"Qatar","incorrects":["Caribbean Netherlands","Papua New Guinea","Sint Maarten"],"url":"/qatar"},{"default_size":"https://flagcdn.com/256x192/ru.png","mini_size":"https://flagcdn.com/128x96/ru.png","correct":"Russia","incorrects":["Cyprus","Gibraltar","Timor-Leste"],"url":"/russia"},{"default_size":"https://flagcdn.com/256x192/sa.png","mini_size":"https://flagcdn.com/128x96/sa.png","correct":"Saudi Arabia","incorrects":["Montserrat","British Indian Ocean Territory","Mali"],"url":"/saudi-arabia"},{"default_size":"https://flagcdn.com/256x192/sg.png","mini_size":"https://flagcdn.com/128x96/sg.png","correct":"Singapore","incorrects":["Sweden","São Tomé and Príncipe","Northern Mariana Islands"],"url":"/singapore"},{"default_size":"https://flagcdn.com/256x192/lk.png","mini_size":"https://flagcdn.com/128x96/lk.png","correct":"Sri Lanka","incorrects":["Uganda","Cape Verde","Kosovo"],"url":"/sri-lanka"},{"default_size":"https://flagcdn.com/256x192/sy.png","mini_size":"https://flagcdn.com/128x96/sy.png","correct":"Syria","incorrects":["Guinea-Bissau","Bolivia","Gambia"],"url":"/syria"},{"default_size":"https://flagcdn.com/256x192/tw.png","mini_size":"https://flagcdn.com/128x96/tw.png","correct":"Taiwan","incorrects":["Chad","American Samoa","Moldova"],"url":"/the-republic-of-china"},{"default_size":"https://flagcdn.com/256x192/tj.png","mini_size":"https://flagcdn.com/128x96/tj.png","correct":"Tajikistan","incorrects":["Kosovo","Laos","Israel"],"url":"/tajikistan"},{"default_size":"https://flagcdn.com/256x192/th.png","mini_size":"https://flagcdn.com/128x96/th.png","correct":"Thailand","incorrects":["Guatemala","Palau","Qatar"],"url":"/thailand"},{"default_size":"https://flagcdn.com/256x192/tl.png","mini_size":"https://flagcdn.com/128x96/tl.png","correct":"Timor-Leste","incorrects":["Ghana","Uzbekistan","Bahrain"],"url":"/east-timor"},{"default_size":"https://flagcdn.com/256x192/tr.png","mini_size":"https://flagcdn.com/128x96/tr.png","correct":"Turkey","incorrects":["South Africa","DR Congo","Sint Maarten"],"url":"/turkey"},{"default_size":"https://flagcdn.com/256x192/tm.png","mini_size":"https://flagcdn.com/128x96/tm.png","correct":"Turkmenistan","incorrects":["Macau","Hungary","Costa Rica"],"url":"/turkmenistan"},{"default_size":"https://flagcdn.com/256x192/ae.png","mini_size":"https://flagcdn.com/128x96/ae.png","correct":"United Arab Emirates","incorrects":["Cuba","Kyrgyzstan","Cook Islands"],"url":"/the-united-arab-emirates"},{"default_size":"https://flagcdn.com/256x192/uz.png","mini_size":"https://flagcdn.com/128x96/uz.png","correct":"Uzbekistan","incorrects":["Saint Pierre and Miquelon","Seychelles","Philippines"],"url":"/uzbekistan"},{"default_size":"https://flagcdn.com/256x192/vn.png","mini_size":"https://flagcdn.com/128x96/vn.png","correct":"Vietnam","incorrects":["North Korea","Martinique","Chile"],"url":"/vietnam"},{"default_size":"https://flagcdn.com/256x192/ye.png","mini_size":"https://flagcdn.com/128x96/ye.png","correct":"Yemen","incorrects":["Western Sahara","Morocco","Bosnia and Herzegovina"],"url":"/yemen"},{"default_size":"https://flagcdn.com/256x192/ax.png","mini_size":"https://flagcdn.com/128x96/ax.png","correct":"Åland Islands","incorrects":["Guadeloupe","Estonia","DR Congo"],"url":"/aland-islands"},{"default_size":"https://flagcdn.com/256x192/al.png","mini_size":"https://flagcdn.com/128x96/al.png","correct":"Albania","incorrects":["Colombia","Bermuda","Malta"],"url":"/albania"},{"default_size":"https://flagcdn.com/256x192/ad.png","mini_size":"https://flagcdn.com/128x96/ad.png","correct":"Andorra","incorrects":["Japan","Bermuda","Uzbekistan"],"url":"/andorra"},{"default_size":"https://flagcdn.com/256x192/at.png","mini_size":"https://flagcdn.com/128x96/at.png","correct":"Austria","incorrects":["Réunion","New Caledonia","Germany"],"url":"/austria"},{"default_size":"https://flagcdn.com/256x192/by.png","mini_size":"https://flagcdn.com/128x96/by.png","correct":"Belarus","incorrects":["Nauru","Moldova","Guinea"],"url":"/belarus"},{"default_size":"https://flagcdn.com/256x192/be.png","mini_size":"https://flagcdn.com/128x96/be.png","correct":"Belgium","incorrects":["Mayotte","Zambia","Bosnia and Herzegovina"],"url":"/belgium"},{"default_size":"https://flagcdn.com/256x192/ba.png","mini_size":"https://flagcdn.com/128x96/ba.png","correct":"Bosnia and Herzegovina","incorrects":["Gambia","Palau","United States"],"url":"/bosnia-and-herzegovina"},{"default_size":"https://flagcdn.com/256x192/bg.png","mini_size":"https://flagcdn.com/128x96/bg.png","correct":"Bulgaria","incorrects":["Haiti","Vietnam","Guyana"],"url":"/bulgaria"},{"default_size":"https://flagcdn.com/256x192/hr.png","mini_size":"https://flagcdn.com/128x96/hr.png","correct":"Croatia","incorrects":["United Kingdom","French Polynesia","Jersey"],"url":"/croatia"},{"default_size":"https://flagcdn.com/256x192/cy.png","mini_size":"https://flagcdn.com/128x96/cy.png","correct":"Cyprus","incorrects":["Hong Kong","Pakistan","Jamaica"],"url":"/cyprus"},{"default_size":"https://flagcdn.com/256x192/cz.png","mini_size":"https://flagcdn.com/128x96/cz.png","correct":"Czechia","incorrects":["Macau","Bangladesh","New Zealand"],"url":"/the-czech-republic"},{"default_size":"https://flagcdn.com/256x192/dk.png","mini_size":"https://flagcdn.com/128x96/dk.png","correct":"Denmark","incorrects":["Paraguay","Myanmar","Estonia"],"url":"/denmark"},{"default_size":"https://flagcdn.com/256x192/ee.png","mini_size":"https://flagcdn.com/128x96/ee.png","correct":"Estonia","incorrects":["Moldova","Colombia","Tanzania"],"url":"/estonia"},{"default_size":"https://flagcdn.com/256x192/fo.png","mini_size":"https://flagcdn.com/128x96/fo.png","correct":"Faroe Islands","incorrects":["Montserrat","North Korea","Dominica"],"url":"/faroe-islands"},{"default_size":"https://flagcdn.com/256x192/fi.png","mini_size":"https://flagcdn.com/128x96/fi.png","correct":"Finland","incorrects":["Romania","Comoros","Isle of Man"],"url":"/finland"},{"default_size":"https://flagcdn.com/256x192/fr.png","mini_size":"https://flagcdn.com/128x96/fr.png","correct":"France","incorrects":["Israel","Russia","Greenland"],"url":"/france"},{"default_size":"https://flagcdn.com/256x192/de.png","mini_size":"https://flagcdn.com/128x96/de.png","correct":"Germany","incorrects":["Moldova","Nepal","Eswatini"],"url":"/germany"},{"default_size":"https://flagcdn.com/256x192/gi.png","mini_size":"https://flagcdn.com/128x96/gi.png","correct":"Gibraltar","incorrects":["Eritrea","Chad","Sweden"],"url":"/gibraltar"},{"default_size":"https://flagcdn.com/256x192/gr.png","mini_size":"https://flagcdn.com/128x96/gr.png","correct":"Greece","incorrects":["Ghana","Cambodia","Ireland"],"url":"/greece"},{"default_size":"https://flagcdn.com/256x192/gg.png","mini_size":"https://flagcdn.com/128x96/gg.png","correct":"Guernsey","incorrects":["Yemen","United Kingdom","Equatorial Guinea"],"url":"/guernsey"},{"default_size":"https://flagcdn.com/256x192/hu.png","mini_size":"https://flagcdn.com/128x96/hu.png","correct":"Hungary","incorrects":["Saint Lucia","New Zealand","Indonesia"],"url":"/hungary"},{"default_size":"https://flagcdn.com/256x192/is.png","mini_size":"https://flagcdn.com/128x96/is.png","correct":"Iceland","incorrects":["São Tomé and Príncipe","Ethiopia","Peru"],"url":"/iceland"},{"default_size":"https://flagcdn.com/256x192/ie.png","mini_size":"https://flagcdn.com/128x96/ie.png","correct":"Ireland","incorrects":["Malaysia","Malawi","Morocco"],"url":"/ireland"},{"default_size":"https://flagcdn.com/256x192/im.png","mini_size":"https://flagcdn.com/128x96/im.png","correct":"Isle of Man","incorrects":["Poland","Nigeria","Ukraine"],"url":"/isle-of-man"},{"default_size":"https://flagcdn.com/256x192/it.png","mini_size":"https://flagcdn.com/128x96/it.png","correct":"Italy","incorrects":["Namibia","North Macedonia","Ukraine"],"url":"/italy"},{"default_size":"https://flagcdn.com/256x192/je.png","mini_size":"https://flagcdn.com/128x96/je.png","correct":"Jersey","incorrects":["Bosnia and Herzegovina","Nauru","Saint Helena, Ascension and Tristan da Cunha"],"url":"/jersey"},{"default_size":"https://flagcdn.com/256x192/xk.png","mini_size":"https://flagcdn.com/128x96/xk.png","correct":"Kosovo","incorrects":["Algeria","Solomon Islands","Seychelles"],"url":"/kosovo"},{"default_size":"https://flagcdn.com/256x192/lv.png","mini_size":"https://flagcdn.com/128x96/lv.png","correct":"Latvia","incorrects":["Slovakia","Bangladesh","Togo"],"url":"/latvia"},{"default_size":"https://flagcdn.com/256x192/li.png","mini_size":"https://flagcdn.com/128x96/li.png","correct":"Liechtenstein","incorrects":["Tuvalu","Solomon Islands","Trinidad and Tobago"],"url":"/liechtenstein"},{"default_size":"https://flagcdn.com/256x192/lt.png","mini_size":"https://flagcdn.com/128x96/lt.png","correct":"Lithuania","incorrects":["Egypt","Christmas Island","Hungary"],"url":"/lithuania"},{"default_size":"https://flagcdn.com/256x192/lu.png","mini_size":"https://flagcdn.com/128x96/lu.png","correct":"Luxembourg","incorrects":["Cayman Islands","Greece","Estonia"],"url":"/luxembourg"},{"default_size":"https://flagcdn.com/256x192/mt.png","mini_size":"https://flagcdn.com/128x96/mt.png","correct":"Malta","incorrects":["Guadeloupe","Ethiopia","Cape Verde"],"url":"/malta"},{"default_size":"https://flagcdn.com/256x192/md.png","mini_size":"https://flagcdn.com/128x96/md.png","correct":"Moldova","incorrects":["Serbia","Marshall Islands","Mayotte"],"url":"/moldova"},{"default_size":"https://flagcdn.com/256x192/mc.png","mini_size":"https://flagcdn.com/128x96/mc.png","correct":"Monaco","incorrects":["Sudan","Malta","Thailand"],"url":"/monaco"},{"default_size":"https://flagcdn.com/256x192/me.png","mini_size":"https://flagcdn.com/128x96/me.png","correct":"Montenegro","incorrects":["Liechtenstein","Norfolk Island","Kenya"],"url":"/montenegro"},{"default_size":"https://flagcdn.com/256x192/nl.png","mini_size":"https://flagcdn.com/128x96/nl.png","correct":"Netherlands","incorrects":["Palau","British Indian Ocean Territory","Mauritania"],"url":"/the-netherlands"},{"default_size":"https://flagcdn.com/256x192/mk.png","mini_size":"https://flagcdn.com/128x96/mk.png","correct":"North Macedonia","incorrects":["Lithuania","Liechtenstein","Thailand"],"url":"/macedonia"},{"default_size":"https://flagcdn.com/256x192/no.png","mini_size":"https://flagcdn.com/128x96/no.png","correct":"Norway","incorrects":["Latvia","Nauru","Côte d'Ivoire"],"url":"/norway"},{"default_size":"https://flagcdn.com/256x192/pl.png","mini_size":"https://flagcdn.com/128x96/pl.png","correct":"Poland","incorrects":["Aruba","Réunion","Venezuela"],"url":"/poland"},{"default_size":"https://flagcdn.com/256x192/pt.png","mini_size":"https://flagcdn.com/128x96/pt.png","correct":"Portugal","incorrects":["Paraguay","Norfolk Island","Thailand"],"url":"/portugal"},{"default_size":"https://flagcdn.com/256x192/ro.png","mini_size":"https://flagcdn.com/128x96/ro.png","correct":"Romania","incorrects":["Australia","Monaco","United Kingdom"],"url":"/romania"},{"default_size":"https://flagcdn.com/256x192/ru.png","mini_size":"https://flagcdn.com/128x96/ru.png","correct":"Russia","incorrects":["Bhutan","Papua New Guinea","Kazakhstan"],"url":"/russia"},{"default_size":"https://flagcdn.com/256x192/sm.png","mini_size":"https://flagcdn.com/128x96/sm.png","correct":"San Marino","incorrects":["Burundi","Madagascar","Haiti"],"url":"/san-marino"},{"default_size":"https://flagcdn.com/256x192/rs.png","mini_size":"https://flagcdn.com/128x96/rs.png","correct":"Serbia","incorrects":["Micronesia","Wallis and Futuna","Cayman Islands"],"url":"/serbia"},{"default_size":"https://flagcdn.com/256x192/sk.png","mini_size":"https://flagcdn.com/128x96/sk.png","correct":"Slovakia","incorrects":["Saint Kitts and Nevis","Haiti","Denmark"],"url":"/slovakia"},{"default_size":"https://flagcdn.com/256x192/si.png","mini_size":"https://flagcdn.com/128x96/si.png","correct":"Slovenia","incorrects":["Switzerland","Yemen","Panama"],"url":"/slovenia"},{"default_size":"https://flagcdn.com/256x192/es.png","mini_size":"https://flagcdn.com/128x96/es.png","correct":"Spain","incorrects":["Antigua and Barbuda","Turkey","Faroe Islands"],"url":"/spain"},{"default_size":"https://flagcdn.com/256x192/sj.png","mini_size":"https://flagcdn.com/128x96/sj.png","correct":"Svalbard and Jan Mayen","incorrects":["Paraguay","Burkina Faso","Chile"],"url":"/svalbard-and-jan-mayen"},{"default_size":"https://flagcdn.com/256x192/se.png","mini_size":"https://flagcdn.com/128x96/se.png","correct":"Sweden","incorrects":["Cyprus","Israel","Eritrea"],"url":"/sweden"},{"default_size":"https://flagcdn.com/256x192/ch.png","mini_size":"https://flagcdn.com/128x96/ch.png","correct":"Switzerland","incorrects":["Egypt","Laos","Vatican City"],"url":"/switzerland"},{"default_size":"https://flagcdn.com/256x192/tr.png","mini_size":"https://flagcdn.com/128x96/tr.png","correct":"Turkey","incorrects":["Honduras","Malaysia","Nepal"],"url":"/turkey"},{"default_size":"https://flagcdn.com/256x192/ua.png","mini_size":"https://flagcdn.com/128x96/ua.png","correct":"Ukraine","incorrects":["Iraq","Sint Maarten","Georgia"],"url":"/ukraine"},{"default_size":"https://flagcdn.com/256x192/gb.png","mini_size":"https://flagcdn.com/128x96/gb.png","correct":"United Kingdom","incorrects":["Saint Barthélemy","Greenland","Martinique"],"url":"/the-united-kingdom"},{"default_size":"https://flagcdn.com/256x192/va.png","mini_size":"https://flagcdn.com/128x96/va.png","correct":"Vatican City","incorrects":["Angola","Grenada","Guadeloupe"],"url":"/the-vatican-city"},{"default_size":"https://flagcdn.com/256x192/ai.png","mini_size":"https://flagcdn.com/128x96/ai.png","correct":"Anguilla","incorrects":["Aruba","Grenada","Vatican City"],"url":"/anguilla"},{"default_size":"https://flagcdn.com/256x192/ag.png","mini_size":"https://flagcdn.com/128x96/ag.png","correct":"Antigua and Barbuda","incorrects":["Kenya","Niue","San Marino"],"url":"/antigua-and-barbuda"},{"default_size":"https://flagcdn.com/256x192/aw.png","mini_size":"https://flagcdn.com/128x96/aw.png","correct":"Aruba","incorrects":["Afghanistan","Sint Maarten","Anguilla"],"url":"/aruba"},{"default_size":"https://flagcdn.com/256x192/bs.png","mini_size":"https://flagcdn.com/128x96/bs.png","correct":"Bahamas","incorrects":["Bhutan","French Polynesia","Netherlands"],"url":"/the-bahamas"},{"default_size":"https://flagcdn.com/256x192/bb.png","mini_size":"https://flagcdn.com/128x96/bb.png","correct":"Barbados","incorrects":["Serbia","Lithuania","Mexico"],"url":"/barbados"},{"default_size":"https://flagcdn.com/256x192/bz.png","mini_size":"https://flagcdn.com/128x96/bz.png","correct":"Belize","incorrects":["Falkland Islands","Zambia","Jordan"],"url":"/belize"},{"default_size":"https://flagcdn.com/256x192/bm.png","mini_size":"https://flagcdn.com/128x96/bm.png","correct":"Bermuda","incorrects":["United States Virgin Islands","Isle of Man","Nepal"],"url":"/bermuda"},{"default_size":"https://flagcdn.com/256x192/ca.png","mini_size":"https://flagcdn.com/128x96/ca.png","correct":"Canada","incorrects":["Zimbabwe","Montserrat","Oman"],"url":"/canada"},{"default_size":"https://flagcdn.com/256x192/bq.png","mini_size":"https://flagcdn.com/128x96/bq.png","correct":"Caribbean Netherlands","incorrects":["Suriname","Saudi Arabia","Australia"],"url":"/caribbean-netherlands"},{"default_size":"https://flagcdn.com/256x192/ky.png","mini_size":"https://flagcdn.com/128x96/ky.png","correct":"Cayman Islands","incorrects":["Spain","Saint Martin","Panama"],"url":"/cayman-islands"},{"default_size":"https://flagcdn.com/256x192/cr.png","mini_size":"https://flagcdn.com/128x96/cr.png","correct":"Costa Rica","incorrects":["South Africa","Cuba","Austria"],"url":"/costa-rica"},{"default_size":"https://flagcdn.com/256x192/cu.png","mini_size":"https://flagcdn.com/128x96/cu.png","correct":"Cuba","incorrects":["French Guiana","Palestine","Chile"],"url":"/cuba"},{"default_size":"https://flagcdn.com/256x192/cw.png","mini_size":"https://flagcdn.com/128x96/cw.png","correct":"Curaçao","incorrects":["Cuba","Uzbekistan","Namibia"],"url":"/curacao"},{"default_size":"https://flagcdn.com/256x192/dm.png","mini_size":"https://flagcdn.com/128x96/dm.png","correct":"Dominica","incorrects":["Saint Martin","Montserrat","Bermuda"],"url":"/dominica"},{"default_size":"https://flagcdn.com/256x192/do.png","mini_size":"https://flagcdn.com/128x96/do.png","correct":"Dominican Republic","incorrects":["Greece","Japan","Botswana"],"url":"/the-dominican-republic"},{"default_size":"https://flagcdn.com/256x192/sv.png","mini_size":"https://flagcdn.com/128x96/sv.png","correct":"El Salvador","incorrects":["Central African Republic","United States Virgin Islands","Lebanon"],"url":"/el-salvador"},{"default_size":"https://flagcdn.com/256x192/gl.png","mini_size":"https://flagcdn.com/128x96/gl.png","correct":"Greenland","incorrects":["Mongolia","Czechia","El Salvador"],"url":"/greenland"},{"default_size":"https://flagcdn.com/256x192/gd.png","mini_size":"https://flagcdn.com/128x96/gd.png","correct":"Grenada","incorrects":["Bosnia and Herzegovina","South Korea","Moldova"],"url":"/grenada"},{"default_size":"https://flagcdn.com/256x192/gp.png","mini_size":"https://flagcdn.com/128x96/gp.png","correct":"Guadeloupe","incorrects":["Russia","Guinea-Bissau","Ireland"],"url":"/guadeloupe"},{"default_size":"https://flagcdn.com/256x192/gt.png","mini_size":"https://flagcdn.com/128x96/gt.png","correct":"Guatemala","incorrects":["Cook Islands","Haiti","Anguilla"],"url":"/guatemala"},{"default_size":"https://flagcdn.com/256x192/ht.png","mini_size":"https://flagcdn.com/128x96/ht.png","correct":"Haiti","incorrects":["Somalia","Republic of the Congo","Antigua and Barbuda"],"url":"/haiti"},{"default_size":"https://flagcdn.com/256x192/hn.png","mini_size":"https://flagcdn.com/128x96/hn.png","correct":"Honduras","incorrects":["Ethiopia","Finland","Falkland Islands"],"url":"/honduras"},{"default_size":"https://flagcdn.com/256x192/jm.png","mini_size":"https://flagcdn.com/128x96/jm.png","correct":"Jamaica","incorrects":["Moldova","Niger","Mali"],"url":"/jamaica"},{"default_size":"https://flagcdn.com/256x192/mq.png","mini_size":"https://flagcdn.com/128x96/mq.png","correct":"Martinique","incorrects":["Bangladesh","Belize","Jersey"],"url":"/martinique"},{"default_size":"https://flagcdn.com/256x192/mx.png","mini_size":"https://flagcdn.com/128x96/mx.png","correct":"Mexico","incorrects":["Gabon","Turkmenistan","Bolivia"],"url":"/mexico"},{"default_size":"https://flagcdn.com/256x192/ms.png","mini_size":"https://flagcdn.com/128x96/ms.png","correct":"Montserrat","incorrects":["Ethiopia","Ghana","Costa Rica"],"url":"/montserrat"},{"default_size":"https://flagcdn.com/256x192/ni.png","mini_size":"https://flagcdn.com/128x96/ni.png","correct":"Nicaragua","incorrects":["Indonesia","Ireland","Cape Verde"],"url":"/nicaragua"},{"default_size":"https://flagcdn.com/256x192/pa.png","mini_size":"https://flagcdn.com/128x96/pa.png","correct":"Panama","incorrects":["Kazakhstan","Guernsey","Kazakhstan"],"url":"/panama"},{"default_size":"https://flagcdn.com/256x192/pr.png","mini_size":"https://flagcdn.com/128x96/pr.png","correct":"Puerto Rico","incorrects":["Sint Maarten","Nepal","Afghanistan"],"url":"/puerto-rico"},{"default_size":"https://flagcdn.com/256x192/bl.png","mini_size":"https://flagcdn.com/128x96/bl.png","correct":"Saint Barthélemy","incorrects":["Liberia","Anguilla","Albania"],"url":"/saint-barthelemy"},{"default_size":"https://flagcdn.com/256x192/kn.png","mini_size":"https://flagcdn.com/128x96/kn.png","correct":"Saint Kitts and Nevis","incorrects":["Venezuela","Italy","Hong Kong"],"url":"/saint-kitts-and-nevis"},{"default_size":"https://flagcdn.com/256x192/lc.png","mini_size":"https://flagcdn.com/128x96/lc.png","correct":"Saint Lucia","incorrects":["Laos","Curaçao","Greece"],"url":"/saint-lucia"},{"default_size":"https://flagcdn.com/256x192/mf.png","mini_size":"https://flagcdn.com/128x96/mf.png","correct":"Saint Martin","incorrects":["Brunei","Puerto Rico","Caribbean Netherlands"],"url":"/saint-martin"},{"default_size":"https://flagcdn.com/256x192/pm.png","mini_size":"https://flagcdn.com/128x96/pm.png","correct":"Saint Pierre and Miquelon","incorrects":["Tunisia","Ecuador","Pakistan"],"url":"/saint-pierre-and-miquelon"},{"default_size":"https://flagcdn.com/256x192/vc.png","mini_size":"https://flagcdn.com/128x96/vc.png","correct":"Saint Vincent and the Grenadines","incorrects":["Northern Mariana Islands","Palau","United Kingdom"],"url":"/saint-vincent-and-the-grenadines"},{"default_size":"https://flagcdn.com/256x192/sx.png","mini_size":"https://flagcdn.com/128x96/sx.png","correct":"Sint Maarten","incorrects":["Qatar","Spain","Haiti"],"url":"/sint-maarten"},{"default_size":"https://flagcdn.com/256x192/tc.png","mini_size":"https://flagcdn.com/128x96/tc.png","correct":"Turks and Caicos Islands","incorrects":["Aruba","Kosovo","Brazil"],"url":"/turks-and-caicos-islands"},{"default_size":"https://flagcdn.com/256x192/us.png","mini_size":"https://flagcdn.com/128x96/us.png","correct":"United States","incorrects":["Slovakia","Djibouti","Peru"],"url":"/the-united-states"},{"default_size":"https://flagcdn.com/256x192/um.png","mini_size":"https://flagcdn.com/128x96/um.png","correct":"United States Minor Outlying Islands","incorrects":["Faroe Islands","Djibouti","Greenland"],"url":"/united-states-minor-outlying-islands"},{"default_size":"https://flagcdn.com/256x192/vg.png","mini_size":"https://flagcdn.com/128x96/vg.png","correct":"British Virgin Islands","incorrects":["Albania","French Polynesia","Bhutan"],"url":"/british-virgin-islands"},{"default_size":"https://flagcdn.com/256x192/vi.png","mini_size":"https://flagcdn.com/128x96/vi.png","correct":"United States Virgin Islands","incorrects":["Réunion","Seychelles","Morocco"],"url":"/united-states-virgin-islands"},{"default_size":"https://flagcdn.com/256x192/as.png","mini_size":"https://flagcdn.com/128x96/as.png","correct":"American Samoa","incorrects":["Israel","Denmark","Hungary"],"url":"/american-samoa"},{"default_size":"https://flagcdn.com/256x192/au.png","mini_size":"https://flagcdn.com/128x96/au.png","correct":"Australia","incorrects":["Turkey","Botswana","Rwanda"],"url":"/australia"},{"default_size":"https://flagcdn.com/256x192/cx.png","mini_size":"https://flagcdn.com/128x96/cx.png","correct":"Christmas Island","incorrects":["Taiwan","Senegal","Saudi Arabia"],"url":"/christmas-island"},{"default_size":"https://flagcdn.com/256x192/cc.png","mini_size":"https://flagcdn.com/128x96/cc.png","correct":"Cocos Islands","incorrects":["Canada","Benin","Timor-Leste"],"url":"/cocos-islands"},{"default_size":"https://flagcdn.com/256x192/ck.png","mini_size":"https://flagcdn.com/128x96/ck.png","correct":"Cook Islands","incorrects":["Egypt","Cayman Islands","Kuwait"],"url":"/cook-islands"},{"default_size":"https://flagcdn.com/256x192/fj.png","mini_size":"https://flagcdn.com/128x96/fj.png","correct":"Fiji","incorrects":["Kenya","Belgium","Namibia"],"url":"/fiji"},{"default_size":"https://flagcdn.com/256x192/pf.png","mini_size":"https://flagcdn.com/128x96/pf.png","correct":"French Polynesia","incorrects":["Saint Helena, Ascension and Tristan da Cunha","Argentina","Togo"],"url":"/french-polynesia"},{"default_size":"https://flagcdn.com/256x192/gu.png","mini_size":"https://flagcdn.com/128x96/gu.png","correct":"Guam","incorrects":["Svalbard and Jan Mayen","Cyprus","Côte d'Ivoire"],"url":"/guam"},{"default_size":"https://flagcdn.com/256x192/id.png","mini_size":"https://flagcdn.com/128x96/id.png","correct":"Indonesia","incorrects":["Tanzania","Finland","Moldova"],"url":"/indonesia"},{"default_size":"https://flagcdn.com/256x192/ki.png","mini_size":"https://flagcdn.com/128x96/ki.png","correct":"Kiribati","incorrects":["Andorra","Hungary","Wallis and Futuna"],"url":"/kiribati"},{"default_size":"https://flagcdn.com/256x192/mh.png","mini_size":"https://flagcdn.com/128x96/mh.png","correct":"Marshall Islands","incorrects":["American Samoa","Lebanon","Iceland"],"url":"/the-marshall-islands"},{"default_size":"https://flagcdn.com/256x192/fm.png","mini_size":"https://flagcdn.com/128x96/fm.png","correct":"Micronesia","incorrects":["Saint Martin","Bolivia","Åland Islands"],"url":"/micronesia"},{"default_size":"https://flagcdn.com/256x192/nr.png","mini_size":"https://flagcdn.com/128x96/nr.png","correct":"Nauru","incorrects":["Equatorial Guinea","French Guiana","São Tomé and Príncipe"],"url":"/nauru"},{"default_size":"https://flagcdn.com/256x192/nc.png","mini_size":"https://flagcdn.com/128x96/nc.png","correct":"New Caledonia","incorrects":["San Marino","Djibouti","Sierra Leone"],"url":"/new-caledonia"},{"default_size":"https://flagcdn.com/256x192/nz.png","mini_size":"https://flagcdn.com/128x96/nz.png","correct":"New Zealand","incorrects":["United Arab Emirates","United Arab Emirates","Turks and Caicos Islands"],"url":"/new-zealand"},{"default_size":"https://flagcdn.com/256x192/nu.png","mini_size":"https://flagcdn.com/128x96/nu.png","correct":"Niue","incorrects":["Ireland","Ukraine","Uganda"],"url":"/niue"},{"default_size":"https://flagcdn.com/256x192/nf.png","mini_size":"https://flagcdn.com/128x96/nf.png","correct":"Norfolk Island","incorrects":["Saint Martin","Jordan","Uzbekistan"],"url":"/norfolk-island"},{"default_size":"https://flagcdn.com/256x192/mp.png","mini_size":"https://flagcdn.com/128x96/mp.png","correct":"Northern Mariana Islands","incorrects":["Marshall Islands","Djibouti","Falkland Islands"],"url":"/northern-mariana-islands"},{"default_size":"https://flagcdn.com/256x192/pw.png","mini_size":"https://flagcdn.com/128x96/pw.png","correct":"Palau","incorrects":["Saint Kitts and Nevis","Slovakia","Suriname"],"url":"/palau"},{"default_size":"https://flagcdn.com/256x192/pg.png","mini_size":"https://flagcdn.com/128x96/pg.png","correct":"Papua New Guinea","incorrects":["Timor-Leste","Cook Islands","Mongolia"],"url":"/papua-new-guinea"},{"default_size":"https://flagcdn.com/256x192/pn.png","mini_size":"https://flagcdn.com/128x96/pn.png","correct":"Pitcairn Islands","incorrects":["North Korea","North Korea","DR Congo"],"url":"/pitcairn-islands"},{"default_size":"https://flagcdn.com/256x192/ws.png","mini_size":"https://flagcdn.com/128x96/ws.png","correct":"Samoa","incorrects":["Australia","Guernsey","Cambodia"],"url":"/samoa"},{"default_size":"https://flagcdn.com/256x192/sb.png","mini_size":"https://flagcdn.com/128x96/sb.png","correct":"Solomon Islands","incorrects":["Uruguay","Northern Mariana Islands","Liberia"],"url":"/the-solomon-islands"},{"default_size":"https://flagcdn.com/256x192/tk.png","mini_size":"https://flagcdn.com/128x96/tk.png","correct":"Tokelau","incorrects":["Central African Republic","Russia","Cyprus"],"url":"/tokelau"},{"default_size":"https://flagcdn.com/256x192/to.png","mini_size":"https://flagcdn.com/128x96/to.png","correct":"Tonga","incorrects":["Solomon Islands","Pakistan","Sint Maarten"],"url":"/tonga"},{"default_size":"https://flagcdn.com/256x192/tv.png","mini_size":"https://flagcdn.com/128x96/tv.png","correct":"Tuvalu","incorrects":["Brunei","Comoros","Turkey"],"url":"/tuvalu"},{"default_size":"https://flagcdn.com/256x192/vu.png","mini_size":"https://flagcdn.com/128x96/vu.png","correct":"Vanuatu","incorrects":["Bulgaria","Kazakhstan","Malawi"],"url":"/vanuatu"},{"default_size":"https://flagcdn.com/256x192/wf.png","mini_size":"https://flagcdn.com/128x96/wf.png","correct":"Wallis and Futuna","incorrects":["Turkmenistan","Nauru","El Salvador"],"url":"/wallis-and-futuna"},{"default_size":"https://flagcdn.com/256x192/ar.png","mini_size":"https://flagcdn.com/128x96/ar.png","correct":"Argentina","incorrects":["Northern Mariana Islands","Guam","North Macedonia"],"url":"/argentina"},{"default_size":"https://flagcdn.com/256x192/bo.png","mini_size":"https://flagcdn.com/128x96/bo.png","correct":"Bolivia","incorrects":["Jamaica","Brunei","Iran"],"url":"/bolivia"},{"default_size":"https://flagcdn.com/256x192/br.png","mini_size":"https://flagcdn.com/128x96/br.png","correct":"Brazil","incorrects":["Burkina Faso","Northern Mariana Islands","Liberia"],"url":"/brazil"},{"default_size":"https://flagcdn.com/256x192/cl.png","mini_size":"https://flagcdn.com/128x96/cl.png","correct":"Chile","incorrects":["Saint Helena, Ascension and Tristan da Cunha","Trinidad and Tobago","Vanuatu"],"url":"/chile"},{"default_size":"https://flagcdn.com/256x192/co.png","mini_size":"https://flagcdn.com/128x96/co.png","correct":"Colombia","incorrects":["China","Sweden","Gabon"],"url":"/colombia"},{"default_size":"https://flagcdn.com/256x192/ec.png","mini_size":"https://flagcdn.com/128x96/ec.png","correct":"Ecuador","incorrects":["Montserrat","Iran","Andorra"],"url":"/ecuador"},{"default_size":"https://flagcdn.com/256x192/fk.png","mini_size":"https://flagcdn.com/128x96/fk.png","correct":"Falkland Islands","incorrects":["Israel","Armenia","Mongolia"],"url":"/falkland-islands"},{"default_size":"https://flagcdn.com/256x192/gf.png","mini_size":"https://flagcdn.com/128x96/gf.png","correct":"French Guiana","incorrects":["Eritrea","Pitcairn Islands","Libya"],"url":"/french-guiana"},{"default_size":"https://flagcdn.com/256x192/gy.png","mini_size":"https://flagcdn.com/128x96/gy.png","correct":"Guyana","incorrects":["Equatorial Guinea","Portugal","Indonesia"],"url":"/guyana"},{"default_size":"https://flagcdn.com/256x192/py.png","mini_size":"https://flagcdn.com/128x96/py.png","correct":"Paraguay","incorrects":["Mozambique","Taiwan","British Virgin Islands"],"url":"/paraguay"},{"default_size":"https://flagcdn.com/256x192/pe.png","mini_size":"https://flagcdn.com/128x96/pe.png","correct":"Peru","incorrects":["Australia","Haiti","Republic of the Congo"],"url":"/peru"},{"default_size":"https://flagcdn.com/256x192/sr.png","mini_size":"https://flagcdn.com/128x96/sr.png","correct":"Suriname","incorrects":["DR Congo","Norway","Algeria"],"url":"/suriname"},{"default_size":"https://flagcdn.com/256x192/tt.png","mini_size":"https://flagcdn.com/128x96/tt.png","correct":"Trinidad and Tobago","incorrects":["Uganda","Haiti","Djibouti"],"url":"/trinidad-and-tobago"},{"default_size":"https://flagcdn.com/256x192/uy.png","mini_size":"https://flagcdn.com/128x96/uy.png","correct":"Uruguay","incorrects":["Italy","Tajikistan","Brunei"],"url":"/uruguay"},{"default_size":"https://flagcdn.com/256x192/ve.png","mini_size":"https://flagcdn.com/128x96/ve.png","correct":"Venezuela","incorrects":["Ukraine","Germany","Cyprus"],"url":"/venezuela"}]