[{"default_size":"https://flagcdn.com/256x192/ar.png","mini_size":"https://flagcdn.com/128x96/ar.png","correct":"Argentina","incorrects":["Suriname","Bolivia","Suriname"],"url":"/argentina"},{"default_size":"https://flagcdn.com/256x192/bo.png","mini_size":"https://flagcdn.com/128x96/bo.png","correct":"Bolivia","incorrects":["French Guiana","Falkland Islands","Argentina"],"url":"/bolivia"},{"default_size":"https://flagcdn.com/256x192/br.png","mini_size":"https://flagcdn.com/128x96/br.png","correct":"Brazil","incorrects":["Guyana","Peru","Suriname"],"url":"/brazil"},{"default_size":"https://flagcdn.com/256x192/cl.png","mini_size":"https://flagcdn.com/128x96/cl.png","correct":"Chile","incorrects":["Suriname","Argentina","Peru"],"url":"/chile"},{"default_size":"https://flagcdn.com/256x192/co.png","mini_size":"https://flagcdn.com/128x96/co.png","correct":"Colombia","incorrects":["Trinidad and Tobago","Venezuela","Suriname"],"url":"/colombia"},{"default_size":"https://flagcdn.com/256x192/ec.png","mini_size":"https://flagcdn.com/128x96/ec.png","correct":"Ecuador","incorrects":["Chile","French Guiana","Guyana"],"url":"/ecuador"},{"default_size":"https://flagcdn.com/256x192/fk.png","mini_size":"https://flagcdn.com/128x96/fk.png","correct":"Falkland Islands","incorrects":["Colombia","Guyana","Ecuador"],"url":"/falkland-islands"},{"default_size":"https://flagcdn.com/256x192/gf.png","mini_size":"https://flagcdn.com/128x96/gf.png","correct":"French Guiana","incorrects":["Suriname","Suriname","Venezuela"],"url":"/french-guiana"},{"default_size":"https://flagcdn.com/256x192/gy.png","mini_size":"https://flagcdn.com/128x96/gy.png","correct":"Guyana","incorrects":["Brazil","Falkland Islands","Ecuador"],"url":"/guyana"},{"default_size":"https://flagcdn.com/256x192/py.png","mini_size":"https://flagcdn.com/128x96/py.png","correct":"Paraguay","incorrects":["Colombia","Argentina","Colombia"],"url":"/paraguay"},{"default_size":"https://flagcdn.com/256x192/pe.png","mini_size":"https://flagcdn.com/128x96/pe.png","correct":"Peru","incorrects":["Argentina","Venezuela","Uruguay"],"url":"/peru"},{"default_size":"https://flagcdn.com/256x192/sr.png","mini_size":"https://flagcdn.com/128x96/sr.png","correct":"Suriname","incorrects":["Uruguay","French Guiana","Peru"],"url":"/suriname"},{"default_size":"https://flagcdn.com/256x192/tt.png","mini_size":"https://flagcdn.com/128x96/tt.png","correct":"Trinidad and Tobago","incorrects":["Chile","Uruguay","Bolivia"],"url":"/trinidad-and-tobago"},{"default_size":"https://flagcdn.com/256x192/uy.png","mini_size":"https://flagcdn.com/128x96/uy.png","correct":"Uruguay","incorrects":["Peru","Bolivia","Brazil"],"url":"/uruguay"},{"default_size":"https://flagcdn.com/256x192/ve.png","mini_size":"https://flagcdn.com/128x96/ve.png","correct":"Venezuela","incorrects":["Paraguay","Chile","Falkland Islands"],"url":"/venezuela"}]