[{"default_size":"https://flagcdn.com/256x192/ai.png","mini_size":"https://flagcdn.com/128x96/ai.png","correct":"Anguilla","incorrects":["Grenada","Belize","Panama"],"url":"/anguilla"},{"default_size":"https://flagcdn.com/256x192/ag.png","mini_size":"https://flagcdn.com/128x96/ag.png","correct":"Antigua and Barbuda","incorrects":["Jamaica","Cayman Islands","Guatemala"],"url":"/antigua-and-barbuda"},{"default_size":"https://flagcdn.com/256x192/aw.png","mini_size":"https://flagcdn.com/128x96/aw.png","correct":"Aruba","incorrects":["Costa Rica","Mexico","Saint Kitts and Nevis"],"url":"/aruba"},{"default_size":"https://flagcdn.com/256x192/bs.png","mini_size":"https://flagcdn.com/128x96/bs.png","correct":"Bahamas","incorrects":["Turks and Caicos Islands","El Salvador","Saint Kitts and Nevis"],"url":"/the-bahamas"},{"default_size":"https://flagcdn.com/256x192/bb.png","mini_size":"https://flagcdn.com/128x96/bb.png","correct":"Barbados","incorrects":["Guadeloupe","Montserrat","Saint Martin"],"url":"/barbados"},{"default_size":"https://flagcdn.com/256x192/bz.png","mini_size":"https://flagcdn.com/128x96/bz.png","correct":"Belize","incorrects":["Saint Pierre and Miquelon","Jamaica","Cayman Islands"],"url":"/belize"},{"default_size":"https://flagcdn.com/256x192/bm.png","mini_size":"https://flagcdn.com/128x96/bm.png","correct":"Bermuda","incorrects":["Saint Kitts and Nevis","Saint Lucia","Puerto Rico"],"url":"/bermuda"},{"default_size":"https://flagcdn.com/256x192/ca.png","mini_size":"https://flagcdn.com/128x96/ca.png","correct":"Canada","incorrects":["Jamaica","Nicaragua","Costa Rica"],"url":"/canada"},{"default_size":"https://flagcdn.com/256x192/bq.png","mini_size":"https://flagcdn.com/128x96/bq.png","correct":"Caribbean Netherlands","incorrects":["Turks and Caicos Islands","Curaçao","Montserrat"],"url":"/caribbean-netherlands"},{"default_size":"https://flagcdn.com/256x192/ky.png","mini_size":"https://flagcdn.com/128x96/ky.png","correct":"Cayman Islands","incorrects":["United States","Sint Maarten","Aruba"],"url":"/cayman-islands"},{"default_size":"https://flagcdn.com/256x192/cr.png","mini_size":"https://flagcdn.com/128x96/cr.png","correct":"Costa Rica","incorrects":["Bermuda","British Virgin Islands","Caribbean Netherlands"],"url":"/costa-rica"},{"default_size":"https://flagcdn.com/256x192/cu.png","mini_size":"https://flagcdn.com/128x96/cu.png","correct":"Cuba","incorrects":["Jamaica","El Salvador","Honduras"],"url":"/cuba"},{"default_size":"https://flagcdn.com/256x192/cw.png","mini_size":"https://flagcdn.com/128x96/cw.png","correct":"Curaçao","incorrects":["Belize","Dominican Republic","United States"],"url":"/curacao"},{"default_size":"https://flagcdn.com/256x192/dm.png","mini_size":"https://flagcdn.com/128x96/dm.png","correct":"Dominica","incorrects":["Grenada","Saint Lucia","United States Minor Outlying Islands"],"url":"/dominica"},{"default_size":"https://flagcdn.com/256x192/do.png","mini_size":"https://flagcdn.com/128x96/do.png","correct":"Dominican Republic","incorrects":["Saint Pierre and Miquelon","United States","Montserrat"],"url":"/the-dominican-republic"},{"default_size":"https://flagcdn.com/256x192/sv.png","mini_size":"https://flagcdn.com/128x96/sv.png","correct":"El Salvador","incorrects":["Sint Maarten","Saint Barthélemy","Cayman Islands"],"url":"/el-salvador"},{"default_size":"https://flagcdn.com/256x192/gl.png","mini_size":"https://flagcdn.com/128x96/gl.png","correct":"Greenland","incorrects":["Saint Lucia","United States Virgin Islands","British Virgin Islands"],"url":"/greenland"},{"default_size":"https://flagcdn.com/256x192/gd.png","mini_size":"https://flagcdn.com/128x96/gd.png","correct":"Grenada","incorrects":["Sint Maarten","Saint Vincent and the Grenadines","Antigua and Barbuda"],"url":"/grenada"},{"default_size":"https://flagcdn.com/256x192/gp.png","mini_size":"https://flagcdn.com/128x96/gp.png","correct":"Guadeloupe","incorrects":["Bahamas","Guatemala","Cuba"],"url":"/guadeloupe"},{"default_size":"https://flagcdn.com/256x192/gt.png","mini_size":"https://flagcdn.com/128x96/gt.png","correct":"Guatemala","incorrects":["Greenland","Turks and Caicos Islands","Aruba"],"url":"/guatemala"},{"default_size":"https://flagcdn.com/256x192/ht.png","mini_size":"https://flagcdn.com/128x96/ht.png","correct":"Haiti","incorrects":["United States Virgin Islands","Anguilla","Belize"],"url":"/haiti"},{"default_size":"https://flagcdn.com/256x192/hn.png","mini_size":"https://flagcdn.com/128x96/hn.png","correct":"Honduras","incorrects":["Canada","Cayman Islands","Curaçao"],"url":"/honduras"},{"default_size":"https://flagcdn.com/256x192/jm.png","mini_size":"https://flagcdn.com/128x96/jm.png","correct":"Jamaica","incorrects":["Cayman Islands","Saint Barthélemy","Caribbean Netherlands"],"url":"/jamaica"},{"default_size":"https://flagcdn.com/256x192/mq.png","mini_size":"https://flagcdn.com/128x96/mq.png","correct":"Martinique","incorrects":["Aruba","Cuba","Saint Pierre and Miquelon"],"url":"/martinique"},{"default_size":"https://flagcdn.com/256x192/mx.png","mini_size":"https://flagcdn.com/128x96/mx.png","correct":"Mexico","incorrects":["Saint Barthélemy","Curaçao","United States Virgin Islands"],"url":"/mexico"},{"default_size":"https://flagcdn.com/256x192/ms.png","mini_size":"https://flagcdn.com/128x96/ms.png","correct":"Montserrat","incorrects":["United States","Dominica","Nicaragua"],"url":"/montserrat"},{"default_size":"https://flagcdn.com/256x192/ni.png","mini_size":"https://flagcdn.com/128x96/ni.png","correct":"Nicaragua","incorrects":["United States","Haiti","Turks and Caicos Islands"],"url":"/nicaragua"},{"default_size":"https://flagcdn.com/256x192/pa.png","mini_size":"https://flagcdn.com/128x96/pa.png","correct":"Panama","incorrects":["Saint Pierre and Miquelon","United States Virgin Islands","Puerto Rico"],"url":"/panama"},{"default_size":"https://flagcdn.com/256x192/pr.png","mini_size":"https://flagcdn.com/128x96/pr.png","correct":"Puerto Rico","incorrects":["Saint Martin","Anguilla","Costa Rica"],"url":"/puerto-rico"},{"default_size":"https://flagcdn.com/256x192/bl.png","mini_size":"https://flagcdn.com/128x96/bl.png","correct":"Saint Barthélemy","incorrects":["Saint Pierre and Miquelon","United States Minor Outlying Islands","Sint Maarten"],"url":"/saint-barthelemy"},{"default_size":"https://flagcdn.com/256x192/kn.png","mini_size":"https://flagcdn.com/128x96/kn.png","correct":"Saint Kitts and Nevis","incorrects":["El Salvador","British Virgin Islands","Aruba"],"url":"/saint-kitts-and-nevis"},{"default_size":"https://flagcdn.com/256x192/lc.png","mini_size":"https://flagcdn.com/128x96/lc.png","correct":"Saint Lucia","incorrects":["Canada","United States","Haiti"],"url":"/saint-lucia"},{"default_size":"https://flagcdn.com/256x192/mf.png","mini_size":"https://flagcdn.com/128x96/mf.png","correct":"Saint Martin","incorrects":["Saint Kitts and Nevis","Jamaica","Barbados"],"url":"/saint-martin"},{"default_size":"https://flagcdn.com/256x192/pm.png","mini_size":"https://flagcdn.com/128x96/pm.png","correct":"Saint Pierre and Miquelon","incorrects":["Turks and Caicos Islands","Jamaica","Mexico"],"url":"/saint-pierre-and-miquelon"},{"default_size":"https://flagcdn.com/256x192/vc.png","mini_size":"https://flagcdn.com/128x96/vc.png","correct":"Saint Vincent and the Grenadines","incorrects":["British Virgin Islands","Grenada","Antigua and Barbuda"],"url":"/saint-vincent-and-the-grenadines"},{"default_size":"https://flagcdn.com/256x192/sx.png","mini_size":"https://flagcdn.com/128x96/sx.png","correct":"Sint Maarten","incorrects":["Saint Vincent and the Grenadines","Bermuda","Saint Kitts and Nevis"],"url":"/sint-maarten"},{"default_size":"https://flagcdn.com/256x192/tc.png","mini_size":"https://flagcdn.com/128x96/tc.png","correct":"Turks and Caicos Islands","incorrects":["Saint Vincent and the Grenadines","Panama","Saint Vincent and the Grenadines"],"url":"/turks-and-caicos-islands"},{"default_size":"https://flagcdn.com/256x192/us.png","mini_size":"https://flagcdn.com/128x96/us.png","correct":"United States","incorrects":["Saint Vincent and the Grenadines","Dominican Republic","Saint Vincent and the Grenadines"],"url":"/the-united-states"},{"default_size":"https://flagcdn.com/256x192/um.png","mini_size":"https://flagcdn.com/128x96/um.png","correct":"United States Minor Outlying Islands","incorrects":["Barbados","Belize","Puerto Rico"],"url":"/united-states-minor-outlying-islands"},{"default_size":"https://flagcdn.com/256x192/vg.png","mini_size":"https://flagcdn.com/128x96/vg.png","correct":"British Virgin Islands","incorrects":["Dominica","Guatemala","Honduras"],"url":"/british-virgin-islands"},{"default_size":"https://flagcdn.com/256x192/vi.png","mini_size":"https://flagcdn.com/128x96/vi.png","correct":"United States Virgin Islands","incorrects":["Saint Martin","Panama","Dominican Republic"],"url":"/united-states-virgin-islands"}]