[{"default_size":"https://flagcdn.com/256x192/dz.png","mini_size":"https://flagcdn.com/128x96/dz.png","correct":"Algeria","incorrects":["Cyprus","Gambia","Hungary"],"url":"/algeria"},{"default_size":"https://flagcdn.com/256x192/ao.png","mini_size":"https://flagcdn.com/128x96/ao.png","correct":"Angola","incorrects":["Saint Helena, Ascension and Tristan da Cunha","Barbados","Spain"],"url":"/angola"},{"default_size":"https://flagcdn.com/256x192/bj.png","mini_size":"https://flagcdn.com/128x96/bj.png","correct":"Benin","incorrects":["Cambodia","Bhutan","Caribbean Netherlands"],"url":"/benin"},{"default_size":"https://flagcdn.com/256x192/bw.png","mini_size":"https://flagcdn.com/128x96/bw.png","correct":"Botswana","incorrects":["French Polynesia","Iran","Albania"],"url":"/botswana"},{"default_size":"https://flagcdn.com/256x192/io.png","mini_size":"https://flagcdn.com/128x96/io.png","correct":"British Indian Ocean Territory","incorrects":["Azerbaijan","Russia","Faroe Islands"],"url":"/british-indian-ocean-territory"},{"default_size":"https://flagcdn.com/256x192/bf.png","mini_size":"https://flagcdn.com/128x96/bf.png","correct":"Burkina Faso","incorrects":["Faroe Islands","Sudan","Anguilla"],"url":"/burkina-faso"},{"default_size":"https://flagcdn.com/256x192/bi.png","mini_size":"https://flagcdn.com/128x96/bi.png","correct":"Burundi","incorrects":["Côte d'Ivoire","Belize","Austria"],"url":"/burundi"},{"default_size":"https://flagcdn.com/256x192/cm.png","mini_size":"https://flagcdn.com/128x96/cm.png","correct":"Cameroon","incorrects":["Mexico","Fiji","Antigua and Barbuda"],"url":"/cameroon"},{"default_size":"https://flagcdn.com/256x192/cv.png","mini_size":"https://flagcdn.com/128x96/cv.png","correct":"Cape Verde","incorrects":["Saint Lucia","Lithuania","Greece"],"url":"/cape-verde"},{"default_size":"https://flagcdn.com/256x192/cf.png","mini_size":"https://flagcdn.com/128x96/cf.png","correct":"Central African Republic","incorrects":["Libya","Brunei","Bolivia"],"url":"/the-central-african-republic"},{"default_size":"https://flagcdn.com/256x192/td.png","mini_size":"https://flagcdn.com/128x96/td.png","correct":"Chad","incorrects":["Malta","Qatar","Zambia"],"url":"/chad"},{"default_size":"https://flagcdn.com/256x192/km.png","mini_size":"https://flagcdn.com/128x96/km.png","correct":"Comoros","incorrects":["Guyana","Central African Republic","Tajikistan"],"url":"/the-comoros"},{"default_size":"https://flagcdn.com/256x192/cg.png","mini_size":"https://flagcdn.com/128x96/cg.png","correct":"Republic of the Congo","incorrects":["Solomon Islands","Thailand","Antigua and Barbuda"],"url":"/the-republic-of-the-congo"},{"default_size":"https://flagcdn.com/256x192/cd.png","mini_size":"https://flagcdn.com/128x96/cd.png","correct":"DR Congo","incorrects":["Austria","Christmas Island","North Korea"],"url":"/the-democratic-republic-of-the-congo"},{"default_size":"https://flagcdn.com/256x192/ci.png","mini_size":"https://flagcdn.com/128x96/ci.png","correct":"Côte d'Ivoire","incorrects":["Uruguay","Angola","Vatican City"],"url":"/cote-d-ivoire"},{"default_size":"https://flagcdn.com/256x192/dj.png","mini_size":"https://flagcdn.com/128x96/dj.png","correct":"Djibouti","incorrects":["Northern Mariana Islands","Algeria","Thailand"],"url":"/djibouti"},{"default_size":"https://flagcdn.com/256x192/eg.png","mini_size":"https://flagcdn.com/128x96/eg.png","correct":"Egypt","incorrects":["Germany","Panama","Senegal"],"url":"/egypt"},{"default_size":"https://flagcdn.com/256x192/gq.png","mini_size":"https://flagcdn.com/128x96/gq.png","correct":"Equatorial Guinea","incorrects":["Bosnia and Herzegovina","Caribbean Netherlands","Saint Lucia"],"url":"/equatorial-guinea"},{"default_size":"https://flagcdn.com/256x192/er.png","mini_size":"https://flagcdn.com/128x96/er.png","correct":"Eritrea","incorrects":["Syria","Iceland","Uganda"],"url":"/eritrea"},{"default_size":"https://flagcdn.com/256x192/sz.png","mini_size":"https://flagcdn.com/128x96/sz.png","correct":"Eswatini","incorrects":["Lesotho","Chile","Serbia"],"url":"/swaziland"},{"default_size":"https://flagcdn.com/256x192/et.png","mini_size":"https://flagcdn.com/128x96/et.png","correct":"Ethiopia","incorrects":["Egypt","Italy","Papua New Guinea"],"url":"/ethiopia"},{"default_size":"https://flagcdn.com/256x192/ga.png","mini_size":"https://flagcdn.com/128x96/ga.png","correct":"Gabon","incorrects":["Saint Pierre and Miquelon","Australia","Guyana"],"url":"/gabon"},{"default_size":"https://flagcdn.com/256x192/gm.png","mini_size":"https://flagcdn.com/128x96/gm.png","correct":"Gambia","incorrects":["Kazakhstan","Equatorial Guinea","Bosnia and Herzegovina"],"url":"/the-gambia"},{"default_size":"https://flagcdn.com/256x192/gh.png","mini_size":"https://flagcdn.com/128x96/gh.png","correct":"Ghana","incorrects":["Sint Maarten","Saint Martin","India"],"url":"/ghana"},{"default_size":"https://flagcdn.com/256x192/gn.png","mini_size":"https://flagcdn.com/128x96/gn.png","correct":"Guinea","incorrects":["Mauritania","Costa Rica","Lesotho"],"url":"/guinea"},{"default_size":"https://flagcdn.com/256x192/gw.png","mini_size":"https://flagcdn.com/128x96/gw.png","correct":"Guinea-Bissau","incorrects":["Turkey","Åland Islands","Guernsey"],"url":"/guinea-bissau"},{"default_size":"https://flagcdn.com/256x192/ke.png","mini_size":"https://flagcdn.com/128x96/ke.png","correct":"Kenya","incorrects":["American Samoa","Madagascar","Nigeria"],"url":"/kenya"},{"default_size":"https://flagcdn.com/256x192/ls.png","mini_size":"https://flagcdn.com/128x96/ls.png","correct":"Lesotho","incorrects":["Jordan","Uruguay","Cyprus"],"url":"/lesotho"},{"default_size":"https://flagcdn.com/256x192/lr.png","mini_size":"https://flagcdn.com/128x96/lr.png","correct":"Liberia","incorrects":["Nauru","Saudi Arabia","Panama"],"url":"/liberia"},{"default_size":"https://flagcdn.com/256x192/ly.png","mini_size":"https://flagcdn.com/128x96/ly.png","correct":"Libya","incorrects":["Aruba","Estonia","Mali"],"url":"/libya"},{"default_size":"https://flagcdn.com/256x192/mg.png","mini_size":"https://flagcdn.com/128x96/mg.png","correct":"Madagascar","incorrects":["Estonia","Latvia","Saint Kitts and Nevis"],"url":"/madagascar"},{"default_size":"https://flagcdn.com/256x192/mw.png","mini_size":"https://flagcdn.com/128x96/mw.png","correct":"Malawi","incorrects":["Cocos Islands","Japan","Somalia"],"url":"/malawi"},{"default_size":"https://flagcdn.com/256x192/ml.png","mini_size":"https://flagcdn.com/128x96/ml.png","correct":"Mali","incorrects":["Bhutan","Myanmar","Cape Verde"],"url":"/mali"},{"default_size":"https://flagcdn.com/256x192/mr.png","mini_size":"https://flagcdn.com/128x96/mr.png","correct":"Mauritania","incorrects":["British Virgin Islands","El Salvador","El Salvador"],"url":"/mauritania"},{"default_size":"https://flagcdn.com/256x192/mu.png","mini_size":"https://flagcdn.com/128x96/mu.png","correct":"Mauritius","incorrects":["Kazakhstan","Curaçao","Namibia"],"url":"/mauritius"},{"default_size":"https://flagcdn.com/256x192/yt.png","mini_size":"https://flagcdn.com/128x96/yt.png","correct":"Mayotte","incorrects":["Pitcairn Islands","Barbados","Italy"],"url":"/mayotte"},{"default_size":"https://flagcdn.com/256x192/ma.png","mini_size":"https://flagcdn.com/128x96/ma.png","correct":"Morocco","incorrects":["Mexico","Oman","Albania"],"url":"/morocco"},{"default_size":"https://flagcdn.com/256x192/mz.png","mini_size":"https://flagcdn.com/128x96/mz.png","correct":"Mozambique","incorrects":["Liechtenstein","Guatemala","Saint Lucia"],"url":"/mozambique"},{"default_size":"https://flagcdn.com/256x192/na.png","mini_size":"https://flagcdn.com/128x96/na.png","correct":"Namibia","incorrects":["United Arab Emirates","Niue","Grenada"],"url":"/namibia"},{"default_size":"https://flagcdn.com/256x192/ne.png","mini_size":"https://flagcdn.com/128x96/ne.png","correct":"Niger","incorrects":["French Polynesia","Madagascar","Kazakhstan"],"url":"/niger"},{"default_size":"https://flagcdn.com/256x192/ng.png","mini_size":"https://flagcdn.com/128x96/ng.png","correct":"Nigeria","incorrects":["Belgium","Mauritania","Montserrat"],"url":"/nigeria"},{"default_size":"https://flagcdn.com/256x192/re.png","mini_size":"https://flagcdn.com/128x96/re.png","correct":"Réunion","incorrects":["Azerbaijan","Dominica","San Marino"],"url":"/reunion"},{"default_size":"https://flagcdn.com/256x192/rw.png","mini_size":"https://flagcdn.com/128x96/rw.png","correct":"Rwanda","incorrects":["Papua New Guinea","Nigeria","Turks and Caicos Islands"],"url":"/rwanda"},{"default_size":"https://flagcdn.com/256x192/sh.png","mini_size":"https://flagcdn.com/128x96/sh.png","correct":"Saint Helena, Ascension and Tristan da Cunha","incorrects":["Brunei","Saint Barthélemy","United Kingdom"],"url":"/saint-helena-ascension-and-tristan-da-cunha"},{"default_size":"https://flagcdn.com/256x192/st.png","mini_size":"https://flagcdn.com/128x96/st.png","correct":"São Tomé and Príncipe","incorrects":["Panama","Guernsey","Guinea"],"url":"/sao-tome-and-principe"},{"default_size":"https://flagcdn.com/256x192/sn.png","mini_size":"https://flagcdn.com/128x96/sn.png","correct":"Senegal","incorrects":["Brunei","Montserrat","Kiribati"],"url":"/senegal"},{"default_size":"https://flagcdn.com/256x192/sc.png","mini_size":"https://flagcdn.com/128x96/sc.png","correct":"Seychelles","incorrects":["Malaysia","Kyrgyzstan","Paraguay"],"url":"/the-seychelles"},{"default_size":"https://flagcdn.com/256x192/sl.png","mini_size":"https://flagcdn.com/128x96/sl.png","correct":"Sierra Leone","incorrects":["Turkmenistan","Falkland Islands","Saint Helena, Ascension and Tristan da Cunha"],"url":"/sierra-leone"},{"default_size":"https://flagcdn.com/256x192/so.png","mini_size":"https://flagcdn.com/128x96/so.png","correct":"Somalia","incorrects":["Hungary","Bermuda","Saint Helena, Ascension and Tristan da Cunha"],"url":"/somalia"},{"default_size":"https://flagcdn.com/256x192/za.png","mini_size":"https://flagcdn.com/128x96/za.png","correct":"South Africa","incorrects":["Burkina Faso","Turks and Caicos Islands","Albania"],"url":"/south-africa"},{"default_size":"https://flagcdn.com/256x192/ss.png","mini_size":"https://flagcdn.com/128x96/ss.png","correct":"South Sudan","incorrects":["Costa Rica","Tanzania","Germany"],"url":"/south-sudan"},{"default_size":"https://flagcdn.com/256x192/sd.png","mini_size":"https://flagcdn.com/128x96/sd.png","correct":"Sudan","incorrects":["Montenegro","Cayman Islands","Madagascar"],"url":"/sudan"},{"default_size":"https://flagcdn.com/256x192/tz.png","mini_size":"https://flagcdn.com/128x96/tz.png","correct":"Tanzania","incorrects":["Uruguay","Kiribati","Belarus"],"url":"/tanzania"},{"default_size":"https://flagcdn.com/256x192/tg.png","mini_size":"https://flagcdn.com/128x96/tg.png","correct":"Togo","incorrects":["Cape Verde","Sweden","American Samoa"],"url":"/togo"},{"default_size":"https://flagcdn.com/256x192/tn.png","mini_size":"https://flagcdn.com/128x96/tn.png","correct":"Tunisia","incorrects":["Azerbaijan","New Zealand","Guadeloupe"],"url":"/tunisia"},{"default_size":"https://flagcdn.com/256x192/ug.png","mini_size":"https://flagcdn.com/128x96/ug.png","correct":"Uganda","incorrects":["Indonesia","French Guiana","Nauru"],"url":"/uganda"},{"default_size":"https://flagcdn.com/256x192/eh.png","mini_size":"https://flagcdn.com/128x96/eh.png","correct":"Western Sahara","incorrects":["Panama","Saint Barthélemy","Libya"],"url":"/western-sahara"},{"default_size":"https://flagcdn.com/256x192/zm.png","mini_size":"https://flagcdn.com/128x96/zm.png","correct":"Zambia","incorrects":["Saint Helena, Ascension and Tristan da Cunha","Indonesia","Algeria"],"url":"/zambia"},{"default_size":"https://flagcdn.com/256x192/zw.png","mini_size":"https://flagcdn.com/128x96/zw.png","correct":"Zimbabwe","incorrects":["New Zealand","British Indian Ocean Territory","Turkmenistan"],"url":"/zimbabwe"},{"default_size":"https://flagcdn.com/256x192/af.png","mini_size":"https://flagcdn.com/128x96/af.png","correct":"Afghanistan","incorrects":["Ghana","Mauritius","Cuba"],"url":"/afghanistan"},{"default_size":"https://flagcdn.com/256x192/am.png","mini_size":"https://flagcdn.com/128x96/am.png","correct":"Armenia","incorrects":["Brazil","Palestine","Italy"],"url":"/armenia"},{"default_size":"https://flagcdn.com/256x192/az.png","mini_size":"https://flagcdn.com/128x96/az.png","correct":"Azerbaijan","incorrects":["Albania","Equatorial Guinea","Yemen"],"url":"/azerbaijan"},{"default_size":"https://flagcdn.com/256x192/bh.png","mini_size":"https://flagcdn.com/128x96/bh.png","correct":"Bahrain","incorrects":["Tanzania","South Africa","Romania"],"url":"/bahrain"},{"default_size":"https://flagcdn.com/256x192/bd.png","mini_size":"https://flagcdn.com/128x96/bd.png","correct":"Bangladesh","incorrects":["Italy","Ukraine","Mali"],"url":"/bangladesh"},{"default_size":"https://flagcdn.com/256x192/bt.png","mini_size":"https://flagcdn.com/128x96/bt.png","correct":"Bhutan","incorrects":["Lebanon","Burundi","Iceland"],"url":"/bhutan"},{"default_size":"https://flagcdn.com/256x192/bn.png","mini_size":"https://flagcdn.com/128x96/bn.png","correct":"Brunei","incorrects":["Guyana","Namibia","Sierra Leone"],"url":"/brunei"},{"default_size":"https://flagcdn.com/256x192/kh.png","mini_size":"https://flagcdn.com/128x96/kh.png","correct":"Cambodia","incorrects":["India","China","Hong Kong"],"url":"/cambodia"},{"default_size":"https://flagcdn.com/256x192/cn.png","mini_size":"https://flagcdn.com/128x96/cn.png","correct":"China","incorrects":["Norway","Senegal","Lithuania"],"url":"/the-people-s-republic-of-china"},{"default_size":"https://flagcdn.com/256x192/eg.png","mini_size":"https://flagcdn.com/128x96/eg.png","correct":"Egypt","incorrects":["Cameroon","Germany","Tanzania"],"url":"/egypt"},{"default_size":"https://flagcdn.com/256x192/ge.png","mini_size":"https://flagcdn.com/128x96/ge.png","correct":"Georgia","incorrects":["Serbia","Japan","Cyprus"],"url":"/georgia"},{"default_size":"https://flagcdn.com/256x192/hk.png","mini_size":"https://flagcdn.com/128x96/hk.png","correct":"Hong Kong","incorrects":["Anguilla","Turkey","Laos"],"url":"/hong-kong"},{"default_size":"https://flagcdn.com/256x192/in.png","mini_size":"https://flagcdn.com/128x96/in.png","correct":"India","incorrects":["Qatar","Réunion","British Virgin Islands"],"url":"/india"},{"default_size":"https://flagcdn.com/256x192/id.png","mini_size":"https://flagcdn.com/128x96/id.png","correct":"Indonesia","incorrects":["Romania","Morocco","Czechia"],"url":"/indonesia"},{"default_size":"https://flagcdn.com/256x192/ir.png","mini_size":"https://flagcdn.com/128x96/ir.png","correct":"Iran","incorrects":["Senegal","Guernsey","Cameroon"],"url":"/iran"},{"default_size":"https://flagcdn.com/256x192/iq.png","mini_size":"https://flagcdn.com/128x96/iq.png","correct":"Iraq","incorrects":["Sint Maarten","Mauritius","South Sudan"],"url":"/iraq"},{"default_size":"https://flagcdn.com/256x192/il.png","mini_size":"https://flagcdn.com/128x96/il.png","correct":"Israel","incorrects":["American Samoa","Liberia","Libya"],"url":"/israel"},{"default_size":"https://flagcdn.com/256x192/jp.png","mini_size":"https://flagcdn.com/128x96/jp.png","correct":"Japan","incorrects":["Northern Mariana Islands","Singapore","Saint Helena, Ascension and Tristan da Cunha"],"url":"/japan"},{"default_size":"https://flagcdn.com/256x192/jo.png","mini_size":"https://flagcdn.com/128x96/jo.png","correct":"Jordan","incorrects":["Trinidad and Tobago","Uruguay","Mauritania"],"url":"/jordan"},{"default_size":"https://flagcdn.com/256x192/kz.png","mini_size":"https://flagcdn.com/128x96/kz.png","correct":"Kazakhstan","incorrects":["Vatican City","Mauritania","Honduras"],"url":"/kazakhstan"},{"default_size":"https://flagcdn.com/256x192/kp.png","mini_size":"https://flagcdn.com/128x96/kp.png","correct":"North Korea","incorrects":["Marshall Islands","Uruguay","San Marino"],"url":"/north-korea"},{"default_size":"https://flagcdn.com/256x192/kr.png","mini_size":"https://flagcdn.com/128x96/kr.png","correct":"South Korea","incorrects":["Lithuania","Trinidad and Tobago","Kiribati"],"url":"/south-korea"},{"default_size":"https://flagcdn.com/256x192/kw.png","mini_size":"https://flagcdn.com/128x96/kw.png","correct":"Kuwait","incorrects":["Kazakhstan","Saint Lucia","Montserrat"],"url":"/kuwait"},{"default_size":"https://flagcdn.com/256x192/kg.png","mini_size":"https://flagcdn.com/128x96/kg.png","correct":"Kyrgyzstan","incorrects":["South Korea","Portugal","Vanuatu"],"url":"/kyrgyzstan"},{"default_size":"https://flagcdn.com/256x192/la.png","mini_size":"https://flagcdn.com/128x96/la.png","correct":"Laos","incorrects":["Chile","Barbados","Martinique"],"url":"/laos"},{"default_size":"https://flagcdn.com/256x192/lb.png","mini_size":"https://flagcdn.com/128x96/lb.png","correct":"Lebanon","incorrects":["Kuwait","Guyana","Somalia"],"url":"/lebanon"},{"default_size":"https://flagcdn.com/256x192/mo.png","mini_size":"https://flagcdn.com/128x96/mo.png","correct":"Macau","incorrects":["Costa Rica","Gambia","Republic of the Congo"],"url":"/macau"},{"default_size":"https://flagcdn.com/256x192/my.png","mini_size":"https://flagcdn.com/128x96/my.png","correct":"Malaysia","incorrects":["Turkey","Mozambique","United States Virgin Islands"],"url":"/malaysia"},{"default_size":"https://flagcdn.com/256x192/mv.png","mini_size":"https://flagcdn.com/128x96/mv.png","correct":"Maldives","incorrects":["Estonia","India","Mauritius"],"url":"/maldives"},{"default_size":"https://flagcdn.com/256x192/mn.png","mini_size":"https://flagcdn.com/128x96/mn.png","correct":"Mongolia","incorrects":["United Kingdom","Greece","Zimbabwe"],"url":"/mongolia"},{"default_size":"https://flagcdn.com/256x192/mm.png","mini_size":"https://flagcdn.com/128x96/mm.png","correct":"Myanmar","incorrects":["United States Minor Outlying Islands","Kosovo","Argentina"],"url":"/myanmar"},{"default_size":"https://flagcdn.com/256x192/np.png","mini_size":"https://flagcdn.com/128x96/np.png","correct":"Nepal","incorrects":["Sri Lanka","Israel","Morocco"],"url":"/nepal"},{"default_size":"https://flagcdn.com/256x192/om.png","mini_size":"https://flagcdn.com/128x96/om.png","correct":"Oman","incorrects":["Bahamas","Angola","Syria"],"url":"/oman"},{"default_size":"https://flagcdn.com/256x192/pk.png","mini_size":"https://flagcdn.com/128x96/pk.png","correct":"Pakistan","incorrects":["Hong Kong","Saint Helena, Ascension and Tristan da Cunha","Cambodia"],"url":"/pakistan"},{"default_size":"https://flagcdn.com/256x192/ps.png","mini_size":"https://flagcdn.com/128x96/ps.png","correct":"Palestine","incorrects":["Mauritania","Indonesia","Dominican Republic"],"url":"/palestine"},{"default_size":"https://flagcdn.com/256x192/ph.png","mini_size":"https://flagcdn.com/128x96/ph.png","correct":"Philippines","incorrects":["Brunei","Cape Verde","Antigua and Barbuda"],"url":"/the-philippines"},{"default_size":"https://flagcdn.com/256x192/qa.png","mini_size":"https://flagcdn.com/128x96/qa.png","correct":"Qatar","incorrects":["Sint Maarten","Western Sahara","United States Minor Outlying Islands"],"url":"/qatar"},{"default_size":"https://flagcdn.com/256x192/ru.png","mini_size":"https://flagcdn.com/128x96/ru.png","correct":"Russia","incorrects":["Sudan","Mexico","Honduras"],"url":"/russia"},{"default_size":"https://flagcdn.com/256x192/sa.png","mini_size":"https://flagcdn.com/128x96/sa.png","correct":"Saudi Arabia","incorrects":["Spain","Argentina","Egypt"],"url":"/saudi-arabia"},{"default_size":"https://flagcdn.com/256x192/sg.png","mini_size":"https://flagcdn.com/128x96/sg.png","correct":"Singapore","incorrects":["Cuba","Pakistan","Greece"],"url":"/singapore"},{"default_size":"https://flagcdn.com/256x192/lk.png","mini_size":"https://flagcdn.com/128x96/lk.png","correct":"Sri Lanka","incorrects":["Malaysia","Syria","Ireland"],"url":"/sri-lanka"},{"default_size":"https://flagcdn.com/256x192/sy.png","mini_size":"https://flagcdn.com/128x96/sy.png","correct":"Syria","incorrects":["Namibia","Åland Islands","Slovenia"],"url":"/syria"},{"default_size":"https://flagcdn.com/256x192/tw.png","mini_size":"https://flagcdn.com/128x96/tw.png","correct":"Taiwan","incorrects":["Uzbekistan","Sierra Leone","DR Congo"],"url":"/the-republic-of-china"},{"default_size":"https://flagcdn.com/256x192/tj.png","mini_size":"https://flagcdn.com/128x96/tj.png","correct":"Tajikistan","incorrects":["Canada","Spain","Norfolk Island"],"url":"/tajikistan"},{"default_size":"https://flagcdn.com/256x192/th.png","mini_size":"https://flagcdn.com/128x96/th.png","correct":"Thailand","incorrects":["Maldives","Turkey","United Arab Emirates"],"url":"/thailand"},{"default_size":"https://flagcdn.com/256x192/tl.png","mini_size":"https://flagcdn.com/128x96/tl.png","correct":"Timor-Leste","incorrects":["Sint Maarten","Ukraine","Cambodia"],"url":"/east-timor"},{"default_size":"https://flagcdn.com/256x192/tr.png","mini_size":"https://flagcdn.com/128x96/tr.png","correct":"Turkey","incorrects":["Guyana","Marshall Islands","Iraq"],"url":"/turkey"},{"default_size":"https://flagcdn.com/256x192/tm.png","mini_size":"https://flagcdn.com/128x96/tm.png","correct":"Turkmenistan","incorrects":["Italy","Republic of the Congo","Belarus"],"url":"/turkmenistan"},{"default_size":"https://flagcdn.com/256x192/ae.png","mini_size":"https://flagcdn.com/128x96/ae.png","correct":"United Arab Emirates","incorrects":["Togo","Eritrea","El Salvador"],"url":"/the-united-arab-emirates"},{"default_size":"https://flagcdn.com/256x192/uz.png","mini_size":"https://flagcdn.com/128x96/uz.png","correct":"Uzbekistan","incorrects":["Saint Pierre and Miquelon","Thailand","Northern Mariana Islands"],"url":"/uzbekistan"},{"default_size":"https://flagcdn.com/256x192/vn.png","mini_size":"https://flagcdn.com/128x96/vn.png","correct":"Vietnam","incorrects":["Philippines","Japan","Angola"],"url":"/vietnam"},{"default_size":"https://flagcdn.com/256x192/ye.png","mini_size":"https://flagcdn.com/128x96/ye.png","correct":"Yemen","incorrects":["Ireland","Angola","Pakistan"],"url":"/yemen"},{"default_size":"https://flagcdn.com/256x192/ax.png","mini_size":"https://flagcdn.com/128x96/ax.png","correct":"Åland Islands","incorrects":["Malaysia","Equatorial Guinea","Kosovo"],"url":"/aland-islands"},{"default_size":"https://flagcdn.com/256x192/al.png","mini_size":"https://flagcdn.com/128x96/al.png","correct":"Albania","incorrects":["Micronesia","Turkmenistan","American Samoa"],"url":"/albania"},{"default_size":"https://flagcdn.com/256x192/ad.png","mini_size":"https://flagcdn.com/128x96/ad.png","correct":"Andorra","incorrects":["Costa Rica","Puerto Rico","Republic of the Congo"],"url":"/andorra"},{"default_size":"https://flagcdn.com/256x192/at.png","mini_size":"https://flagcdn.com/128x96/at.png","correct":"Austria","incorrects":["Liechtenstein","Andorra","Tuvalu"],"url":"/austria"},{"default_size":"https://flagcdn.com/256x192/by.png","mini_size":"https://flagcdn.com/128x96/by.png","correct":"Belarus","incorrects":["Puerto Rico","United Kingdom","Saint Martin"],"url":"/belarus"},{"default_size":"https://flagcdn.com/256x192/be.png","mini_size":"https://flagcdn.com/128x96/be.png","correct":"Belgium","incorrects":["Djibouti","Egypt","Saint Martin"],"url":"/belgium"},{"default_size":"https://flagcdn.com/256x192/ba.png","mini_size":"https://flagcdn.com/128x96/ba.png","correct":"Bosnia and Herzegovina","incorrects":["Nicaragua","Libya","Malta"],"url":"/bosnia-and-herzegovina"},{"default_size":"https://flagcdn.com/256x192/bg.png","mini_size":"https://flagcdn.com/128x96/bg.png","correct":"Bulgaria","incorrects":["Réunion","Norfolk Island","South Sudan"],"url":"/bulgaria"},{"default_size":"https://flagcdn.com/256x192/hr.png","mini_size":"https://flagcdn.com/128x96/hr.png","correct":"Croatia","incorrects":["Turkey","Tajikistan","Brunei"],"url":"/croatia"},{"default_size":"https://flagcdn.com/256x192/cy.png","mini_size":"https://flagcdn.com/128x96/cy.png","correct":"Cyprus","incorrects":["United States Virgin Islands","Tajikistan","Algeria"],"url":"/cyprus"},{"default_size":"https://flagcdn.com/256x192/cz.png","mini_size":"https://flagcdn.com/128x96/cz.png","correct":"Czechia","incorrects":["Norway","Paraguay","Nigeria"],"url":"/the-czech-republic"},{"default_size":"https://flagcdn.com/256x192/dk.png","mini_size":"https://flagcdn.com/128x96/dk.png","correct":"Denmark","incorrects":["Andorra","Kuwait","Sierra Leone"],"url":"/denmark"},{"default_size":"https://flagcdn.com/256x192/ee.png","mini_size":"https://flagcdn.com/128x96/ee.png","correct":"Estonia","incorrects":["Belize","Moldova","Curaçao"],"url":"/estonia"},{"default_size":"https://flagcdn.com/256x192/fo.png","mini_size":"https://flagcdn.com/128x96/fo.png","correct":"Faroe Islands","incorrects":["Palau","Nauru","Guinea-Bissau"],"url":"/faroe-islands"},{"default_size":"https://flagcdn.com/256x192/fi.png","mini_size":"https://flagcdn.com/128x96/fi.png","correct":"Finland","incorrects":["Nicaragua","Jamaica","Ghana"],"url":"/finland"},{"default_size":"https://flagcdn.com/256x192/fr.png","mini_size":"https://flagcdn.com/128x96/fr.png","correct":"France","incorrects":["Nigeria","Saint Martin","Comoros"],"url":"/france"},{"default_size":"https://flagcdn.com/256x192/de.png","mini_size":"https://flagcdn.com/128x96/de.png","correct":"Germany","incorrects":["South Korea","Paraguay","Christmas Island"],"url":"/germany"},{"default_size":"https://flagcdn.com/256x192/gi.png","mini_size":"https://flagcdn.com/128x96/gi.png","correct":"Gibraltar","incorrects":["Republic of the Congo","Malaysia","Mauritania"],"url":"/gibraltar"},{"default_size":"https://flagcdn.com/256x192/gr.png","mini_size":"https://flagcdn.com/128x96/gr.png","correct":"Greece","incorrects":["Malawi","Tanzania","Åland Islands"],"url":"/greece"},{"default_size":"https://flagcdn.com/256x192/gg.png","mini_size":"https://flagcdn.com/128x96/gg.png","correct":"Guernsey","incorrects":["Norway","Albania","Gibraltar"],"url":"/guernsey"},{"default_size":"https://flagcdn.com/256x192/hu.png","mini_size":"https://flagcdn.com/128x96/hu.png","correct":"Hungary","incorrects":["Turkey","Libya","Japan"],"url":"/hungary"},{"default_size":"https://flagcdn.com/256x192/is.png","mini_size":"https://flagcdn.com/128x96/is.png","correct":"Iceland","incorrects":["Trinidad and Tobago","Saint Lucia","Spain"],"url":"/iceland"},{"default_size":"https://flagcdn.com/256x192/ie.png","mini_size":"https://flagcdn.com/128x96/ie.png","correct":"Ireland","incorrects":["Timor-Leste","Albania","Belgium"],"url":"/ireland"},{"default_size":"https://flagcdn.com/256x192/im.png","mini_size":"https://flagcdn.com/128x96/im.png","correct":"Isle of Man","incorrects":["Finland","Uzbekistan","Indonesia"],"url":"/isle-of-man"},{"default_size":"https://flagcdn.com/256x192/it.png","mini_size":"https://flagcdn.com/128x96/it.png","correct":"Italy","incorrects":["DR Congo","Eritrea","Croatia"],"url":"/italy"},{"default_size":"https://flagcdn.com/256x192/je.png","mini_size":"https://flagcdn.com/128x96/je.png","correct":"Jersey","incorrects":["Lebanon","Turkmenistan","British Indian Ocean Territory"],"url":"/jersey"},{"default_size":"https://flagcdn.com/256x192/xk.png","mini_size":"https://flagcdn.com/128x96/xk.png","correct":"Kosovo","incorrects":["Togo","Lithuania","Jersey"],"url":"/kosovo"},{"default_size":"https://flagcdn.com/256x192/lv.png","mini_size":"https://flagcdn.com/128x96/lv.png","correct":"Latvia","incorrects":["Mauritius","Angola","Sweden"],"url":"/latvia"},{"default_size":"https://flagcdn.com/256x192/li.png","mini_size":"https://flagcdn.com/128x96/li.png","correct":"Liechtenstein","incorrects":["Malta","Belize","Syria"],"url":"/liechtenstein"},{"default_size":"https://flagcdn.com/256x192/lt.png","mini_size":"https://flagcdn.com/128x96/lt.png","correct":"Lithuania","incorrects":["Sierra Leone","Argentina","Andorra"],"url":"/lithuania"},{"default_size":"https://flagcdn.com/256x192/lu.png","mini_size":"https://flagcdn.com/128x96/lu.png","correct":"Luxembourg","incorrects":["Niue","French Guiana","Belgium"],"url":"/luxembourg"},{"default_size":"https://flagcdn.com/256x192/mt.png","mini_size":"https://flagcdn.com/128x96/mt.png","correct":"Malta","incorrects":["Ecuador","Kiribati","Fiji"],"url":"/malta"},{"default_size":"https://flagcdn.com/256x192/md.png","mini_size":"https://flagcdn.com/128x96/md.png","correct":"Moldova","incorrects":["Ghana","French Guiana","Madagascar"],"url":"/moldova"},{"default_size":"https://flagcdn.com/256x192/mc.png","mini_size":"https://flagcdn.com/128x96/mc.png","correct":"Monaco","incorrects":["Germany","Hong Kong","Malaysia"],"url":"/monaco"},{"default_size":"https://flagcdn.com/256x192/me.png","mini_size":"https://flagcdn.com/128x96/me.png","correct":"Montenegro","incorrects":["Montserrat","Burundi","Taiwan"],"url":"/montenegro"},{"default_size":"https://flagcdn.com/256x192/nl.png","mini_size":"https://flagcdn.com/128x96/nl.png","correct":"Netherlands","incorrects":["Afghanistan","Taiwan","Syria"],"url":"/the-netherlands"},{"default_size":"https://flagcdn.com/256x192/mk.png","mini_size":"https://flagcdn.com/128x96/mk.png","correct":"North Macedonia","incorrects":["Pakistan","United States Virgin Islands","New Zealand"],"url":"/macedonia"},{"default_size":"https://flagcdn.com/256x192/no.png","mini_size":"https://flagcdn.com/128x96/no.png","correct":"Norway","incorrects":["Gibraltar","Indonesia","Kuwait"],"url":"/norway"},{"default_size":"https://flagcdn.com/256x192/pl.png","mini_size":"https://flagcdn.com/128x96/pl.png","correct":"Poland","incorrects":["Egypt","Armenia","Georgia"],"url":"/poland"},{"default_size":"https://flagcdn.com/256x192/pt.png","mini_size":"https://flagcdn.com/128x96/pt.png","correct":"Portugal","incorrects":["Kosovo","Mongolia","Ukraine"],"url":"/portugal"},{"default_size":"https://flagcdn.com/256x192/ro.png","mini_size":"https://flagcdn.com/128x96/ro.png","correct":"Romania","incorrects":["Central African Republic","Aruba","Brunei"],"url":"/romania"},{"default_size":"https://flagcdn.com/256x192/ru.png","mini_size":"https://flagcdn.com/128x96/ru.png","correct":"Russia","incorrects":["Lesotho","Saint Vincent and the Grenadines","Equatorial Guinea"],"url":"/russia"},{"default_size":"https://flagcdn.com/256x192/sm.png","mini_size":"https://flagcdn.com/128x96/sm.png","correct":"San Marino","incorrects":["New Zealand","Nauru","Kosovo"],"url":"/san-marino"},{"default_size":"https://flagcdn.com/256x192/rs.png","mini_size":"https://flagcdn.com/128x96/rs.png","correct":"Serbia","incorrects":["Guernsey","Seychelles","Nauru"],"url":"/serbia"},{"default_size":"https://flagcdn.com/256x192/sk.png","mini_size":"https://flagcdn.com/128x96/sk.png","correct":"Slovakia","incorrects":["United Kingdom","Bolivia","Chile"],"url":"/slovakia"},{"default_size":"https://flagcdn.com/256x192/si.png","mini_size":"https://flagcdn.com/128x96/si.png","correct":"Slovenia","incorrects":["Micronesia","Guinea","Montserrat"],"url":"/slovenia"},{"default_size":"https://flagcdn.com/256x192/es.png","mini_size":"https://flagcdn.com/128x96/es.png","correct":"Spain","incorrects":["Tunisia","Switzerland","Nauru"],"url":"/spain"},{"default_size":"https://flagcdn.com/256x192/sj.png","mini_size":"https://flagcdn.com/128x96/sj.png","correct":"Svalbard and Jan Mayen","incorrects":["South Korea","United Arab Emirates","Indonesia"],"url":"/svalbard-and-jan-mayen"},{"default_size":"https://flagcdn.com/256x192/se.png","mini_size":"https://flagcdn.com/128x96/se.png","correct":"Sweden","incorrects":["Kyrgyzstan","Nepal","Iceland"],"url":"/sweden"},{"default_size":"https://flagcdn.com/256x192/ch.png","mini_size":"https://flagcdn.com/128x96/ch.png","correct":"Switzerland","incorrects":["Mozambique","Saudi Arabia","Macau"],"url":"/switzerland"},{"default_size":"https://flagcdn.com/256x192/tr.png","mini_size":"https://flagcdn.com/128x96/tr.png","correct":"Turkey","incorrects":["Bhutan","Cocos Islands","Thailand"],"url":"/turkey"},{"default_size":"https://flagcdn.com/256x192/ua.png","mini_size":"https://flagcdn.com/128x96/ua.png","correct":"Ukraine","incorrects":["Denmark","Mozambique","Myanmar"],"url":"/ukraine"},{"default_size":"https://flagcdn.com/256x192/gb.png","mini_size":"https://flagcdn.com/128x96/gb.png","correct":"United Kingdom","incorrects":["North Macedonia","Botswana","Cape Verde"],"url":"/the-united-kingdom"},{"default_size":"https://flagcdn.com/256x192/va.png","mini_size":"https://flagcdn.com/128x96/va.png","correct":"Vatican City","incorrects":["Faroe Islands","Sudan","Svalbard and Jan Mayen"],"url":"/the-vatican-city"},{"default_size":"https://flagcdn.com/256x192/ai.png","mini_size":"https://flagcdn.com/128x96/ai.png","correct":"Anguilla","incorrects":["Montenegro","Equatorial Guinea","Iraq"],"url":"/anguilla"},{"default_size":"https://flagcdn.com/256x192/ag.png","mini_size":"https://flagcdn.com/128x96/ag.png","correct":"Antigua and Barbuda","incorrects":["Åland Islands","Gambia","Somalia"],"url":"/antigua-and-barbuda"},{"default_size":"https://flagcdn.com/256x192/aw.png","mini_size":"https://flagcdn.com/128x96/aw.png","correct":"Aruba","incorrects":["Slovenia","Turkmenistan","Republic of the Congo"],"url":"/aruba"},{"default_size":"https://flagcdn.com/256x192/bs.png","mini_size":"https://flagcdn.com/128x96/bs.png","correct":"Bahamas","incorrects":["Comoros","British Indian Ocean Territory","United Kingdom"],"url":"/the-bahamas"},{"default_size":"https://flagcdn.com/256x192/bb.png","mini_size":"https://flagcdn.com/128x96/bb.png","correct":"Barbados","incorrects":["Mexico","Luxembourg","Ecuador"],"url":"/barbados"},{"default_size":"https://flagcdn.com/256x192/bz.png","mini_size":"https://flagcdn.com/128x96/bz.png","correct":"Belize","incorrects":["Laos","Serbia","Denmark"],"url":"/belize"},{"default_size":"https://flagcdn.com/256x192/bm.png","mini_size":"https://flagcdn.com/128x96/bm.png","correct":"Bermuda","incorrects":["Eswatini","Jersey","Uruguay"],"url":"/bermuda"},{"default_size":"https://flagcdn.com/256x192/ca.png","mini_size":"https://flagcdn.com/128x96/ca.png","correct":"Canada","incorrects":["Australia","Venezuela","Brunei"],"url":"/canada"},{"default_size":"https://flagcdn.com/256x192/bq.png","mini_size":"https://flagcdn.com/128x96/bq.png","correct":"Caribbean Netherlands","incorrects":["Denmark","Turkey","Mongolia"],"url":"/caribbean-netherlands"},{"default_size":"https://flagcdn.com/256x192/ky.png","mini_size":"https://flagcdn.com/128x96/ky.png","correct":"Cayman Islands","incorrects":["Myanmar","Namibia","Kazakhstan"],"url":"/cayman-islands"},{"default_size":"https://flagcdn.com/256x192/cr.png","mini_size":"https://flagcdn.com/128x96/cr.png","correct":"Costa Rica","incorrects":["Nicaragua","Falkland Islands","Portugal"],"url":"/costa-rica"},{"default_size":"https://flagcdn.com/256x192/cu.png","mini_size":"https://flagcdn.com/128x96/cu.png","correct":"Cuba","incorrects":["Falkland Islands","Haiti","Brazil"],"url":"/cuba"},{"default_size":"https://flagcdn.com/256x192/cw.png","mini_size":"https://flagcdn.com/128x96/cw.png","correct":"Curaçao","incorrects":["Armenia","Bermuda","Austria"],"url":"/curacao"},{"default_size":"https://flagcdn.com/256x192/dm.png","mini_size":"https://flagcdn.com/128x96/dm.png","correct":"Dominica","incorrects":["Ecuador","Côte d'Ivoire","Barbados"],"url":"/dominica"},{"default_size":"https://flagcdn.com/256x192/do.png","mini_size":"https://flagcdn.com/128x96/do.png","correct":"Dominican Republic","incorrects":["Suriname","Estonia","Uzbekistan"],"url":"/the-dominican-republic"},{"default_size":"https://flagcdn.com/256x192/sv.png","mini_size":"https://flagcdn.com/128x96/sv.png","correct":"El Salvador","incorrects":["North Macedonia","Guinea-Bissau","Zimbabwe"],"url":"/el-salvador"},{"default_size":"https://flagcdn.com/256x192/gl.png","mini_size":"https://flagcdn.com/128x96/gl.png","correct":"Greenland","incorrects":["Sudan","Luxembourg","Curaçao"],"url":"/greenland"},{"default_size":"https://flagcdn.com/256x192/gd.png","mini_size":"https://flagcdn.com/128x96/gd.png","correct":"Grenada","incorrects":["Uruguay","Guernsey","Saint Kitts and Nevis"],"url":"/grenada"},{"default_size":"https://flagcdn.com/256x192/gp.png","mini_size":"https://flagcdn.com/128x96/gp.png","correct":"Guadeloupe","incorrects":["Indonesia","Marshall Islands","Fiji"],"url":"/guadeloupe"},{"default_size":"https://flagcdn.com/256x192/gt.png","mini_size":"https://flagcdn.com/128x96/gt.png","correct":"Guatemala","incorrects":["Vietnam","Honduras","Grenada"],"url":"/guatemala"},{"default_size":"https://flagcdn.com/256x192/ht.png","mini_size":"https://flagcdn.com/128x96/ht.png","correct":"Haiti","incorrects":["Gibraltar","Namibia","Western Sahara"],"url":"/haiti"},{"default_size":"https://flagcdn.com/256x192/hn.png","mini_size":"https://flagcdn.com/128x96/hn.png","correct":"Honduras","incorrects":["Croatia","Åland Islands","Hong Kong"],"url":"/honduras"},{"default_size":"https://flagcdn.com/256x192/jm.png","mini_size":"https://flagcdn.com/128x96/jm.png","correct":"Jamaica","incorrects":["South Sudan","Morocco","Vanuatu"],"url":"/jamaica"},{"default_size":"https://flagcdn.com/256x192/mq.png","mini_size":"https://flagcdn.com/128x96/mq.png","correct":"Martinique","incorrects":["Myanmar","United States Minor Outlying Islands","Jordan"],"url":"/martinique"},{"default_size":"https://flagcdn.com/256x192/mx.png","mini_size":"https://flagcdn.com/128x96/mx.png","correct":"Mexico","incorrects":["Eritrea","Norway","Cameroon"],"url":"/mexico"},{"default_size":"https://flagcdn.com/256x192/ms.png","mini_size":"https://flagcdn.com/128x96/ms.png","correct":"Montserrat","incorrects":["Solomon Islands","Christmas Island","Brazil"],"url":"/montserrat"},{"default_size":"https://flagcdn.com/256x192/ni.png","mini_size":"https://flagcdn.com/128x96/ni.png","correct":"Nicaragua","incorrects":["Gambia","Kyrgyzstan","Moldova"],"url":"/nicaragua"},{"default_size":"https://flagcdn.com/256x192/pa.png","mini_size":"https://flagcdn.com/128x96/pa.png","correct":"Panama","incorrects":["Cambodia","Aruba","São Tomé and Príncipe"],"url":"/panama"},{"default_size":"https://flagcdn.com/256x192/pr.png","mini_size":"https://flagcdn.com/128x96/pr.png","correct":"Puerto Rico","incorrects":["Niue","Myanmar","Tokelau"],"url":"/puerto-rico"},{"default_size":"https://flagcdn.com/256x192/bl.png","mini_size":"https://flagcdn.com/128x96/bl.png","correct":"Saint Barthélemy","incorrects":["Uruguay","Afghanistan","Republic of the Congo"],"url":"/saint-barthelemy"},{"default_size":"https://flagcdn.com/256x192/kn.png","mini_size":"https://flagcdn.com/128x96/kn.png","correct":"Saint Kitts and Nevis","incorrects":["Nigeria","Belgium","Afghanistan"],"url":"/saint-kitts-and-nevis"},{"default_size":"https://flagcdn.com/256x192/lc.png","mini_size":"https://flagcdn.com/128x96/lc.png","correct":"Saint Lucia","incorrects":["Rwanda","Suriname","Saint Martin"],"url":"/saint-lucia"},{"default_size":"https://flagcdn.com/256x192/mf.png","mini_size":"https://flagcdn.com/128x96/mf.png","correct":"Saint Martin","incorrects":["Estonia","British Indian Ocean Territory","Northern Mariana Islands"],"url":"/saint-martin"},{"default_size":"https://flagcdn.com/256x192/pm.png","mini_size":"https://flagcdn.com/128x96/pm.png","correct":"Saint Pierre and Miquelon","incorrects":["Nepal","Uzbekistan","Brunei"],"url":"/saint-pierre-and-miquelon"},{"default_size":"https://flagcdn.com/256x192/vc.png","mini_size":"https://flagcdn.com/128x96/vc.png","correct":"Saint Vincent and the Grenadines","incorrects":["Republic of the Congo","Colombia","Uruguay"],"url":"/saint-vincent-and-the-grenadines"},{"default_size":"https://flagcdn.com/256x192/sx.png","mini_size":"https://flagcdn.com/128x96/sx.png","correct":"Sint Maarten","incorrects":["Romania","Belgium","Eswatini"],"url":"/sint-maarten"},{"default_size":"https://flagcdn.com/256x192/tc.png","mini_size":"https://flagcdn.com/128x96/tc.png","correct":"Turks and Caicos Islands","incorrects":["Faroe Islands","Slovakia","Panama"],"url":"/turks-and-caicos-islands"},{"default_size":"https://flagcdn.com/256x192/us.png","mini_size":"https://flagcdn.com/128x96/us.png","correct":"United States","incorrects":["Brazil","Bahrain","Lithuania"],"url":"/the-united-states"},{"default_size":"https://flagcdn.com/256x192/um.png","mini_size":"https://flagcdn.com/128x96/um.png","correct":"United States Minor Outlying Islands","incorrects":["Saint Barthélemy","Brazil","Costa Rica"],"url":"/united-states-minor-outlying-islands"},{"default_size":"https://flagcdn.com/256x192/vg.png","mini_size":"https://flagcdn.com/128x96/vg.png","correct":"British Virgin Islands","incorrects":["Malawi","Guam","Bahamas"],"url":"/british-virgin-islands"},{"default_size":"https://flagcdn.com/256x192/vi.png","mini_size":"https://flagcdn.com/128x96/vi.png","correct":"United States Virgin Islands","incorrects":["Colombia","Sudan","Gambia"],"url":"/united-states-virgin-islands"},{"default_size":"https://flagcdn.com/256x192/as.png","mini_size":"https://flagcdn.com/128x96/as.png","correct":"American Samoa","incorrects":["Tunisia","Kenya","Mauritius"],"url":"/american-samoa"},{"default_size":"https://flagcdn.com/256x192/au.png","mini_size":"https://flagcdn.com/128x96/au.png","correct":"Australia","incorrects":["Guatemala","Gambia","Qatar"],"url":"/australia"},{"default_size":"https://flagcdn.com/256x192/cx.png","mini_size":"https://flagcdn.com/128x96/cx.png","correct":"Christmas Island","incorrects":["South Sudan","Timor-Leste","Suriname"],"url":"/christmas-island"},{"default_size":"https://flagcdn.com/256x192/cc.png","mini_size":"https://flagcdn.com/128x96/cc.png","correct":"Cocos Islands","incorrects":["Puerto Rico","Sri Lanka","Ghana"],"url":"/cocos-islands"},{"default_size":"https://flagcdn.com/256x192/ck.png","mini_size":"https://flagcdn.com/128x96/ck.png","correct":"Cook Islands","incorrects":["Kazakhstan","Poland","Turkmenistan"],"url":"/cook-islands"},{"default_size":"https://flagcdn.com/256x192/fj.png","mini_size":"https://flagcdn.com/128x96/fj.png","correct":"Fiji","incorrects":["Marshall Islands","Austria","Equatorial Guinea"],"url":"/fiji"},{"default_size":"https://flagcdn.com/256x192/pf.png","mini_size":"https://flagcdn.com/128x96/pf.png","correct":"French Polynesia","incorrects":["Wallis and Futuna","Niger","Tanzania"],"url":"/french-polynesia"},{"default_size":"https://flagcdn.com/256x192/gu.png","mini_size":"https://flagcdn.com/128x96/gu.png","correct":"Guam","incorrects":["Jersey","Sweden","Cameroon"],"url":"/guam"},{"default_size":"https://flagcdn.com/256x192/id.png","mini_size":"https://flagcdn.com/128x96/id.png","correct":"Indonesia","incorrects":["Hong Kong","Bahrain","Pakistan"],"url":"/indonesia"},{"default_size":"https://flagcdn.com/256x192/ki.png","mini_size":"https://flagcdn.com/128x96/ki.png","correct":"Kiribati","incorrects":["United Kingdom","Dominica","Portugal"],"url":"/kiribati"},{"default_size":"https://flagcdn.com/256x192/mh.png","mini_size":"https://flagcdn.com/128x96/mh.png","correct":"Marshall Islands","incorrects":["Singapore","Nauru","Russia"],"url":"/the-marshall-islands"},{"default_size":"https://flagcdn.com/256x192/fm.png","mini_size":"https://flagcdn.com/128x96/fm.png","correct":"Micronesia","incorrects":["Cuba","Comoros","Christmas Island"],"url":"/micronesia"},{"default_size":"https://flagcdn.com/256x192/nr.png","mini_size":"https://flagcdn.com/128x96/nr.png","correct":"Nauru","incorrects":["Egypt","Republic of the Congo","Sierra Leone"],"url":"/nauru"},{"default_size":"https://flagcdn.com/256x192/nc.png","mini_size":"https://flagcdn.com/128x96/nc.png","correct":"New Caledonia","incorrects":["Tonga","Cameroon","Faroe Islands"],"url":"/new-caledonia"},{"default_size":"https://flagcdn.com/256x192/nz.png","mini_size":"https://flagcdn.com/128x96/nz.png","correct":"New Zealand","incorrects":["Tanzania","Senegal","Romania"],"url":"/new-zealand"},{"default_size":"https://flagcdn.com/256x192/nu.png","mini_size":"https://flagcdn.com/128x96/nu.png","correct":"Niue","incorrects":["Bahrain","Egypt","Austria"],"url":"/niue"},{"default_size":"https://flagcdn.com/256x192/nf.png","mini_size":"https://flagcdn.com/128x96/nf.png","correct":"Norfolk Island","incorrects":["Mauritania","Ethiopia","Monaco"],"url":"/norfolk-island"},{"default_size":"https://flagcdn.com/256x192/mp.png","mini_size":"https://flagcdn.com/128x96/mp.png","correct":"Northern Mariana Islands","incorrects":["Austria","United States Virgin Islands","Niue"],"url":"/northern-mariana-islands"},{"default_size":"https://flagcdn.com/256x192/pw.png","mini_size":"https://flagcdn.com/128x96/pw.png","correct":"Palau","incorrects":["Wallis and Futuna","Turks and Caicos Islands","Ukraine"],"url":"/palau"},{"default_size":"https://flagcdn.com/256x192/pg.png","mini_size":"https://flagcdn.com/128x96/pg.png","correct":"Papua New Guinea","incorrects":["Myanmar","Lithuania","Fiji"],"url":"/papua-new-guinea"},{"default_size":"https://flagcdn.com/256x192/pn.png","mini_size":"https://flagcdn.com/128x96/pn.png","correct":"Pitcairn Islands","incorrects":["Montenegro","Sri Lanka","North Korea"],"url":"/pitcairn-islands"},{"default_size":"https://flagcdn.com/256x192/ws.png","mini_size":"https://flagcdn.com/128x96/ws.png","correct":"Samoa","incorrects":["Seychelles","Gibraltar","Oman"],"url":"/samoa"},{"default_size":"https://flagcdn.com/256x192/sb.png","mini_size":"https://flagcdn.com/128x96/sb.png","correct":"Solomon Islands","incorrects":["Saint Barthélemy","Mozambique","Kazakhstan"],"url":"/the-solomon-islands"},{"default_size":"https://flagcdn.com/256x192/tk.png","mini_size":"https://flagcdn.com/128x96/tk.png","correct":"Tokelau","incorrects":["Latvia","Indonesia","Kyrgyzstan"],"url":"/tokelau"},{"default_size":"https://flagcdn.com/256x192/to.png","mini_size":"https://flagcdn.com/128x96/to.png","correct":"Tonga","incorrects":["Western Sahara","Sweden","Brazil"],"url":"/tonga"},{"default_size":"https://flagcdn.com/256x192/tv.png","mini_size":"https://flagcdn.com/128x96/tv.png","correct":"Tuvalu","incorrects":["Honduras","Barbados","Morocco"],"url":"/tuvalu"},{"default_size":"https://flagcdn.com/256x192/vu.png","mini_size":"https://flagcdn.com/128x96/vu.png","correct":"Vanuatu","incorrects":["Slovenia","Mozambique","Nauru"],"url":"/vanuatu"},{"default_size":"https://flagcdn.com/256x192/wf.png","mini_size":"https://flagcdn.com/128x96/wf.png","correct":"Wallis and Futuna","incorrects":["Taiwan","Guyana","Djibouti"],"url":"/wallis-and-futuna"},{"default_size":"https://flagcdn.com/256x192/ar.png","mini_size":"https://flagcdn.com/128x96/ar.png","correct":"Argentina","incorrects":["New Zealand","Dominica","Maldives"],"url":"/argentina"},{"default_size":"https://flagcdn.com/256x192/bo.png","mini_size":"https://flagcdn.com/128x96/bo.png","correct":"Bolivia","incorrects":["Yemen","Curaçao","North Macedonia"],"url":"/bolivia"},{"default_size":"https://flagcdn.com/256x192/br.png","mini_size":"https://flagcdn.com/128x96/br.png","correct":"Brazil","incorrects":["Vietnam","Bhutan","Iceland"],"url":"/brazil"},{"default_size":"https://flagcdn.com/256x192/cl.png","mini_size":"https://flagcdn.com/128x96/cl.png","correct":"Chile","incorrects":["Samoa","New Caledonia","United States"],"url":"/chile"},{"default_size":"https://flagcdn.com/256x192/co.png","mini_size":"https://flagcdn.com/128x96/co.png","correct":"Colombia","incorrects":["Réunion","Guinea-Bissau","Mozambique"],"url":"/colombia"},{"default_size":"https://flagcdn.com/256x192/ec.png","mini_size":"https://flagcdn.com/128x96/ec.png","correct":"Ecuador","incorrects":["Anguilla","Belarus","Burkina Faso"],"url":"/ecuador"},{"default_size":"https://flagcdn.com/256x192/fk.png","mini_size":"https://flagcdn.com/128x96/fk.png","correct":"Falkland Islands","incorrects":["Bermuda","Algeria","Chile"],"url":"/falkland-islands"},{"default_size":"https://flagcdn.com/256x192/gf.png","mini_size":"https://flagcdn.com/128x96/gf.png","correct":"French Guiana","incorrects":["Solomon Islands","Liberia","Antigua and Barbuda"],"url":"/french-guiana"},{"default_size":"https://flagcdn.com/256x192/gy.png","mini_size":"https://flagcdn.com/128x96/gy.png","correct":"Guyana","incorrects":["Switzerland","Antigua and Barbuda","Guinea"],"url":"/guyana"},{"default_size":"https://flagcdn.com/256x192/py.png","mini_size":"https://flagcdn.com/128x96/py.png","correct":"Paraguay","incorrects":["Guinea-Bissau","Sweden","Tuvalu"],"url":"/paraguay"},{"default_size":"https://flagcdn.com/256x192/pe.png","mini_size":"https://flagcdn.com/128x96/pe.png","correct":"Peru","incorrects":["Anguilla","Bosnia and Herzegovina","Algeria"],"url":"/peru"},{"default_size":"https://flagcdn.com/256x192/sr.png","mini_size":"https://flagcdn.com/128x96/sr.png","correct":"Suriname","incorrects":["Serbia","Cameroon","Montenegro"],"url":"/suriname"},{"default_size":"https://flagcdn.com/256x192/tt.png","mini_size":"https://flagcdn.com/128x96/tt.png","correct":"Trinidad and Tobago","incorrects":["Comoros","Algeria","Bahamas"],"url":"/trinidad-and-tobago"},{"default_size":"https://flagcdn.com/256x192/uy.png","mini_size":"https://flagcdn.com/128x96/uy.png","correct":"Uruguay","incorrects":["Gibraltar","Jersey","Argentina"],"url":"/uruguay"},{"default_size":"https://flagcdn.com/256x192/ve.png","mini_size":"https://flagcdn.com/128x96/ve.png","correct":"Venezuela","incorrects":["Kuwait","South Korea","Cayman Islands"],"url":"/venezuela"}]