[{"default_size":"https://flagcdn.com/256x192/af.png","mini_size":"https://flagcdn.com/128x96/af.png","correct":"Afghanistan","incorrects":["Russia","Bangladesh","Azerbaijan"],"url":"/afghanistan"},{"default_size":"https://flagcdn.com/256x192/am.png","mini_size":"https://flagcdn.com/128x96/am.png","correct":"Armenia","incorrects":["Azerbaijan","Saudi Arabia","Syria"],"url":"/armenia"},{"default_size":"https://flagcdn.com/256x192/az.png","mini_size":"https://flagcdn.com/128x96/az.png","correct":"Azerbaijan","incorrects":["Japan","Japan","Maldives"],"url":"/azerbaijan"},{"default_size":"https://flagcdn.com/256x192/bh.png","mini_size":"https://flagcdn.com/128x96/bh.png","correct":"Bahrain","incorrects":["Hong Kong","Indonesia","Indonesia"],"url":"/bahrain"},{"default_size":"https://flagcdn.com/256x192/bd.png","mini_size":"https://flagcdn.com/128x96/bd.png","correct":"Bangladesh","incorrects":["Macau","United Arab Emirates","Pakistan"],"url":"/bangladesh"},{"default_size":"https://flagcdn.com/256x192/bt.png","mini_size":"https://flagcdn.com/128x96/bt.png","correct":"Bhutan","incorrects":["Pakistan","China","Azerbaijan"],"url":"/bhutan"},{"default_size":"https://flagcdn.com/256x192/bn.png","mini_size":"https://flagcdn.com/128x96/bn.png","correct":"Brunei","incorrects":["Kazakhstan","Armenia","Philippines"],"url":"/brunei"},{"default_size":"https://flagcdn.com/256x192/kh.png","mini_size":"https://flagcdn.com/128x96/kh.png","correct":"Cambodia","incorrects":["Yemen","Mongolia","Palestine"],"url":"/cambodia"},{"default_size":"https://flagcdn.com/256x192/cn.png","mini_size":"https://flagcdn.com/128x96/cn.png","correct":"China","incorrects":["Russia","Qatar","Thailand"],"url":"/the-people-s-republic-of-china"},{"default_size":"https://flagcdn.com/256x192/eg.png","mini_size":"https://flagcdn.com/128x96/eg.png","correct":"Egypt","incorrects":["Armenia","Myanmar","Tajikistan"],"url":"/egypt"},{"default_size":"https://flagcdn.com/256x192/ge.png","mini_size":"https://flagcdn.com/128x96/ge.png","correct":"Georgia","incorrects":["Uzbekistan","South Korea","Jordan"],"url":"/georgia"},{"default_size":"https://flagcdn.com/256x192/hk.png","mini_size":"https://flagcdn.com/128x96/hk.png","correct":"Hong Kong","incorrects":["Nepal","Macau","Bahrain"],"url":"/hong-kong"},{"default_size":"https://flagcdn.com/256x192/in.png","mini_size":"https://flagcdn.com/128x96/in.png","correct":"India","incorrects":["Syria","Iraq","Bhutan"],"url":"/india"},{"default_size":"https://flagcdn.com/256x192/id.png","mini_size":"https://flagcdn.com/128x96/id.png","correct":"Indonesia","incorrects":["Iraq","Uzbekistan","South Korea"],"url":"/indonesia"},{"default_size":"https://flagcdn.com/256x192/ir.png","mini_size":"https://flagcdn.com/128x96/ir.png","correct":"Iran","incorrects":["Vietnam","Kazakhstan","Qatar"],"url":"/iran"},{"default_size":"https://flagcdn.com/256x192/iq.png","mini_size":"https://flagcdn.com/128x96/iq.png","correct":"Iraq","incorrects":["Macau","Egypt","Singapore"],"url":"/iraq"},{"default_size":"https://flagcdn.com/256x192/il.png","mini_size":"https://flagcdn.com/128x96/il.png","correct":"Israel","incorrects":["Jordan","Japan","Turkmenistan"],"url":"/israel"},{"default_size":"https://flagcdn.com/256x192/jp.png","mini_size":"https://flagcdn.com/128x96/jp.png","correct":"Japan","incorrects":["Macau","Turkey","Vietnam"],"url":"/japan"},{"default_size":"https://flagcdn.com/256x192/jo.png","mini_size":"https://flagcdn.com/128x96/jo.png","correct":"Jordan","incorrects":["Yemen","Japan","Iran"],"url":"/jordan"},{"default_size":"https://flagcdn.com/256x192/kz.png","mini_size":"https://flagcdn.com/128x96/kz.png","correct":"Kazakhstan","incorrects":["Malaysia","Brunei","India"],"url":"/kazakhstan"},{"default_size":"https://flagcdn.com/256x192/kp.png","mini_size":"https://flagcdn.com/128x96/kp.png","correct":"North Korea","incorrects":["Kyrgyzstan","Kazakhstan","Philippines"],"url":"/north-korea"},{"default_size":"https://flagcdn.com/256x192/kr.png","mini_size":"https://flagcdn.com/128x96/kr.png","correct":"South Korea","incorrects":["Azerbaijan","Kyrgyzstan","Palestine"],"url":"/south-korea"},{"default_size":"https://flagcdn.com/256x192/kw.png","mini_size":"https://flagcdn.com/128x96/kw.png","correct":"Kuwait","incorrects":["Israel","Macau","South Korea"],"url":"/kuwait"},{"default_size":"https://flagcdn.com/256x192/kg.png","mini_size":"https://flagcdn.com/128x96/kg.png","correct":"Kyrgyzstan","incorrects":["United Arab Emirates","Vietnam","Philippines"],"url":"/kyrgyzstan"},{"default_size":"https://flagcdn.com/256x192/la.png","mini_size":"https://flagcdn.com/128x96/la.png","correct":"Laos","incorrects":["Israel","Nepal","Yemen"],"url":"/laos"},{"default_size":"https://flagcdn.com/256x192/lb.png","mini_size":"https://flagcdn.com/128x96/lb.png","correct":"Lebanon","incorrects":["Iran","South Korea","Tajikistan"],"url":"/lebanon"},{"default_size":"https://flagcdn.com/256x192/mo.png","mini_size":"https://flagcdn.com/128x96/mo.png","correct":"Macau","incorrects":["Saudi Arabia","Syria","Armenia"],"url":"/macau"},{"default_size":"https://flagcdn.com/256x192/my.png","mini_size":"https://flagcdn.com/128x96/my.png","correct":"Malaysia","incorrects":["Syria","Turkmenistan","Syria"],"url":"/malaysia"},{"default_size":"https://flagcdn.com/256x192/mv.png","mini_size":"https://flagcdn.com/128x96/mv.png","correct":"Maldives","incorrects":["Georgia","Azerbaijan","Egypt"],"url":"/maldives"},{"default_size":"https://flagcdn.com/256x192/mn.png","mini_size":"https://flagcdn.com/128x96/mn.png","correct":"Mongolia","incorrects":["Hong Kong","Tajikistan","Brunei"],"url":"/mongolia"},{"default_size":"https://flagcdn.com/256x192/mm.png","mini_size":"https://flagcdn.com/128x96/mm.png","correct":"Myanmar","incorrects":["Russia","Kuwait","Brunei"],"url":"/myanmar"},{"default_size":"https://flagcdn.com/256x192/np.png","mini_size":"https://flagcdn.com/128x96/np.png","correct":"Nepal","incorrects":["Cambodia","Egypt","Singapore"],"url":"/nepal"},{"default_size":"https://flagcdn.com/256x192/om.png","mini_size":"https://flagcdn.com/128x96/om.png","correct":"Oman","incorrects":["Iran","Bangladesh","Macau"],"url":"/oman"},{"default_size":"https://flagcdn.com/256x192/pk.png","mini_size":"https://flagcdn.com/128x96/pk.png","correct":"Pakistan","incorrects":["Turkey","India","Afghanistan"],"url":"/pakistan"},{"default_size":"https://flagcdn.com/256x192/ps.png","mini_size":"https://flagcdn.com/128x96/ps.png","correct":"Palestine","incorrects":["Hong Kong","Taiwan","Afghanistan"],"url":"/palestine"},{"default_size":"https://flagcdn.com/256x192/ph.png","mini_size":"https://flagcdn.com/128x96/ph.png","correct":"Philippines","incorrects":["Azerbaijan","Macau","Macau"],"url":"/the-philippines"},{"default_size":"https://flagcdn.com/256x192/qa.png","mini_size":"https://flagcdn.com/128x96/qa.png","correct":"Qatar","incorrects":["Afghanistan","Tajikistan","Malaysia"],"url":"/qatar"},{"default_size":"https://flagcdn.com/256x192/ru.png","mini_size":"https://flagcdn.com/128x96/ru.png","correct":"Russia","incorrects":["Israel","South Korea","Uzbekistan"],"url":"/russia"},{"default_size":"https://flagcdn.com/256x192/sa.png","mini_size":"https://flagcdn.com/128x96/sa.png","correct":"Saudi Arabia","incorrects":["Lebanon","Russia","Turkey"],"url":"/saudi-arabia"},{"default_size":"https://flagcdn.com/256x192/sg.png","mini_size":"https://flagcdn.com/128x96/sg.png","correct":"Singapore","incorrects":["China","Nepal","North Korea"],"url":"/singapore"},{"default_size":"https://flagcdn.com/256x192/lk.png","mini_size":"https://flagcdn.com/128x96/lk.png","correct":"Sri Lanka","incorrects":["Tajikistan","Maldives","Russia"],"url":"/sri-lanka"},{"default_size":"https://flagcdn.com/256x192/sy.png","mini_size":"https://flagcdn.com/128x96/sy.png","correct":"Syria","incorrects":["Bahrain","Timor-Leste","Brunei"],"url":"/syria"},{"default_size":"https://flagcdn.com/256x192/tw.png","mini_size":"https://flagcdn.com/128x96/tw.png","correct":"Taiwan","incorrects":["Iraq","Azerbaijan","Hong Kong"],"url":"/the-republic-of-china"},{"default_size":"https://flagcdn.com/256x192/tj.png","mini_size":"https://flagcdn.com/128x96/tj.png","correct":"Tajikistan","incorrects":["United Arab Emirates","India","China"],"url":"/tajikistan"},{"default_size":"https://flagcdn.com/256x192/th.png","mini_size":"https://flagcdn.com/128x96/th.png","correct":"Thailand","incorrects":["Timor-Leste","Afghanistan","Kazakhstan"],"url":"/thailand"},{"default_size":"https://flagcdn.com/256x192/tl.png","mini_size":"https://flagcdn.com/128x96/tl.png","correct":"Timor-Leste","incorrects":["Taiwan","Qatar","South Korea"],"url":"/east-timor"},{"default_size":"https://flagcdn.com/256x192/tr.png","mini_size":"https://flagcdn.com/128x96/tr.png","correct":"Turkey","incorrects":["Indonesia","Timor-Leste","China"],"url":"/turkey"},{"default_size":"https://flagcdn.com/256x192/tm.png","mini_size":"https://flagcdn.com/128x96/tm.png","correct":"Turkmenistan","incorrects":["Kazakhstan","Bangladesh","Tajikistan"],"url":"/turkmenistan"},{"default_size":"https://flagcdn.com/256x192/ae.png","mini_size":"https://flagcdn.com/128x96/ae.png","correct":"United Arab Emirates","incorrects":["Uzbekistan","Cambodia","Iraq"],"url":"/the-united-arab-emirates"},{"default_size":"https://flagcdn.com/256x192/uz.png","mini_size":"https://flagcdn.com/128x96/uz.png","correct":"Uzbekistan","incorrects":["Oman","Vietnam","Iraq"],"url":"/uzbekistan"},{"default_size":"https://flagcdn.com/256x192/vn.png","mini_size":"https://flagcdn.com/128x96/vn.png","correct":"Vietnam","incorrects":["China","Mongolia","Palestine"],"url":"/vietnam"},{"default_size":"https://flagcdn.com/256x192/ye.png","mini_size":"https://flagcdn.com/128x96/ye.png","correct":"Yemen","incorrects":["India","Tajikistan","Japan"],"url":"/yemen"}]